Crop,Temperature,Rainfall,Yield
Maize,22.97,1305.68,11.42
Potato,17,1942.05,23.19
Rice,25.52,2216.2,7.94
Sugarcane,18.59,607.18,72.53
Wheat,22.74,483.47,6.72
Rice,13.88,1993.65,8.67
Potato,14.92,2433.33,26.96
Rice,28.42,1499.4,9.51
Cotton,26.96,1881.33,7.01
Sugarcane,15.14,1045.25,75.1
Cotton,18.84,2486.29,7.54
Maize,16.64,2228.76,8.02
Maize,33.92,1767.96,7.09
Potato,20.94,1066.5,23
Potato,22.18,1395.15,25.45
Wheat,29.95,998.65,6.89
Potato,19.77,1378.81,21.58
Maize,21.33,424.46,8.81
Rice,33.94,564.12,5.55
Cotton,33.84,843.05,8.71
Rice,28.14,2559.99,7.7
Rice,26.77,1463.51,9.21
Sugarcane,15.43,1501.43,75.13
Potato,24.2,1621.79,26.69
Wheat,18.23,1550.47,8.19
Potato,31.89,515.52,24.9
Sugarcane,28.84,1108.74,73.6
Potato,21.33,468.7,24.25
Sugarcane,26.05,474.07,75.45
Maize,22.63,493.05,10.23
Maize,14.39,2543.59,8.44
Sugarcane,33.42,847.42,75.78
Wheat,36.95,468.3,5.64
Sugarcane,37.91,307.14,73.16
Potato,33.68,1833.16,23.21
Rice,34.65,1842.44,10.28
Wheat,11.67,962.35,8.99
Rice,33.46,1000.17,9.48
Wheat,19.1,1145.48,10.53
Potato,14.13,1185.24,22.95
Wheat,25.66,2242.51,9.77
Maize,27.11,2649.01,11
Sugarcane,24.54,1770.52,75.51
Rice,29.58,1280.08,7.86
Wheat,31.43,1036.98,11.45
Rice,14.11,2373.72,10.81
Rice,28.51,525.2,9.97
Rice,11.63,1382.97,9.27
Potato,23.46,1963.25,28.05
Potato,13,926.39,23.79
Potato,23.49,636.41,23.37
Maize,15.26,1929.48,9.4
Rice,32.03,1798.85,12.68
Cotton,36.99,1848.23,9.86
Rice,15.09,2745.54,10.07
Wheat,32.1,1107.5,8.25
Maize,14.38,2764.55,9.93
Maize,23.01,417.14,6.42
Sugarcane,28.77,401.03,75.98
Potato,26.13,2446.63,26.52
Rice,11.71,1104.92,8.04
Potato,20.88,1193.15,24.65
Maize,24.1,427.93,10.82
Potato,21.74,305.94,23.52
Maize,29.96,1882.29,8.37
Cotton,36.65,1606.74,5.58
Sugarcane,30.03,2119.33,77.11
Wheat,27.7,868.73,8.94
Wheat,14.47,2418.67,9.91
Sugarcane,20.47,955.52,73.72
Potato,26.45,1419.78,27.06
Sugarcane,38.02,1220.4,74.59
Wheat,19.14,2437.96,8.88
Sugarcane,20.14,2352.53,76.42
Cotton,27.69,1404.25,8.46
Cotton,36.99,1193.61,4.93
Wheat,26.3,2263.65,9.96
Rice,15.23,834.64,8.31
Rice,12.26,2652.35,10.6
Cotton,36.67,1094.92,4.98
Potato,30.1,1458.46,22.96
Maize,16.62,2320.76,13.21
Maize,31.74,2287.88,11.97
Wheat,31.59,2032.83,7.78
Rice,33.16,589.52,10.39
Wheat,36.77,905.44,6.72
Rice,14.56,2083.86,9.26
Cotton,38.7,2448.51,7.16
Maize,39.96,720.52,9.84
Rice,10.43,2772.95,9.13
Sugarcane,12.74,1853.02,74.67
Sugarcane,23.02,2353.06,76.56
Cotton,11.03,2263.79,9.49
Potato,32.05,568.07,24.82
Wheat,29.52,1156.57,7.71
Potato,33.28,1446.04,24.3
Wheat,39.95,950.16,7.9
Maize,38,2005.98,11.08
Potato,19,1703.6,24.44
Sugarcane,21.89,2752.35,79.11
Sugarcane,33.28,756.79,72.4
Sugarcane,21.64,1702.9,76.07
Sugarcane,30.96,2550.33,75.77
Potato,37.56,398.92,25.16
Rice,22.18,1544.25,8.8
Wheat,26.82,832.5,7.08
Wheat,35.24,2695.6,12.76
Maize,24.33,1963.52,8.39
Rice,18.67,982.33,8.8
Rice,17.75,2774.6,8.92
Rice,12.16,845.69,7.45
Sugarcane,19.91,1127.52,74.92
Potato,30.58,1987.88,27.89
Wheat,11.77,1718.76,6.14
Rice,18.23,2361.2,9.99
Sugarcane,13.35,1973.26,74.61
Cotton,22.13,1745.45,8.94
Potato,12.8,1138.8,22.17
Maize,32.38,1039.57,7.91
Potato,37.84,544.9,25.37
Sugarcane,15.77,1307.37,72.39
Cotton,17.52,2272.91,9.33
Cotton,14.8,1011.27,9.5
Potato,15.62,2502.81,26.93
Cotton,19.35,2303.39,7.67
Potato,18.44,2794.08,26.01
Rice,21.56,2114.5,11.18
Rice,25.75,423.08,8.57
Rice,31.83,1783.55,7.77
Potato,36.53,1054.44,22.82
Maize,23.78,2671.32,11.62
Maize,37.27,2080.17,9.74
Maize,30.39,2256.89,9.58
Rice,31.87,1703.38,12.26
Cotton,25.67,2717.44,7.23
Cotton,25.7,726.59,7.24
Sugarcane,25.96,1273.23,75.33
Sugarcane,24.76,1550.12,76.18
Wheat,23.77,1683.49,8.62
Maize,33.24,2240.92,9.51
Maize,21.63,2121.27,10.51
Wheat,16.2,436.86,7.25
Wheat,14.07,2109.34,7.9
Potato,36.39,955.86,22.43
Wheat,35.89,1340.22,8.89
Potato,17.31,1425.46,24.64
Sugarcane,13.55,2033.93,73.06
Wheat,38.81,2003.27,9.71
Sugarcane,24.46,1246.21,74.43
Rice,12.8,2333.09,9.01
Potato,16.46,603.71,21.79
Potato,31.11,881.8,22.89
Potato,12.44,1361.74,26.94
Sugarcane,22.99,847.13,74.83
Sugarcane,22.83,2618.96,75.41
Sugarcane,30.57,2619.5,77.75
Wheat,15.98,726.52,8.77
Potato,39.51,1333.1,23.31
Rice,14.66,2780,10.13
Wheat,27.95,348.55,7.58
Rice,19.84,408.23,9.8
Maize,13.99,2407.32,11.15
Wheat,26.17,1255.44,9.06
Potato,15.09,2126.87,26.73
Rice,30.4,1845.52,10.66
Cotton,10.97,2035.8,6.7
Cotton,25.31,793.49,8.65
Wheat,16.57,1667.73,10.44
Wheat,38.5,1915.79,11.85
Wheat,31.32,1680.41,8.38
Maize,32.66,2661.73,9.24
Sugarcane,31.16,340.72,73.9
Cotton,29.98,836.73,6.26
Sugarcane,14.14,484.07,75.04
Maize,39.92,2708.64,12.33
Potato,29.72,884.93,24.56
Potato,36.92,2150.8,25.17
Wheat,25.11,664.15,9.74
Rice,18.58,430.46,11.08
Potato,23.12,777.46,24.31
Wheat,21.97,990.5,5.14
Cotton,10.48,1445.69,6.81
Rice,30.25,355.56,6.62
Sugarcane,32.13,1843.19,75.59
Wheat,11.23,1940.64,6.43
Potato,17.38,1027.32,24.52
Rice,29.93,962.14,6.86
Wheat,19.66,775.99,11.59
Rice,38.02,838,11.02
Rice,13.38,1925.85,8.68
Wheat,37.84,1814.43,9.88
Potato,37.42,2587.18,26
Sugarcane,38.67,2368.73,76.2
Maize,12.32,1739.94,9.53
Rice,18.17,718.46,8.9
Cotton,17.54,1108.92,4.53
Wheat,36.56,1490.01,8.8
Rice,34.22,1351.75,6.31
Maize,14.77,461.03,11.7
Rice,14.24,1195.58,7.57
Rice,24.22,769.19,7.68
Rice,15.2,1737.22,10.21
Maize,24.28,2626.11,11.54
Rice,35.34,649.6,9.12
Maize,25,2452.84,9.77
Wheat,31.73,955.3,7.64
Potato,17.5,2022.34,29.28
Maize,17.97,1818.45,9.88
Sugarcane,27.81,845.38,72.95
Cotton,35.57,1223.54,7.52
Sugarcane,25.93,1666.87,72.89
Cotton,15.95,2579.73,6.38
Wheat,16.53,760.73,7.64
Rice,28.51,1159.29,9.65
Sugarcane,13.1,2785.99,76.17
Potato,11.96,2274.01,24.84
Sugarcane,13.08,1260.54,74.25
Sugarcane,21.77,655.48,74.93
Maize,20.63,1551.85,11.29
Rice,10.06,1759.44,11.47
Cotton,14.85,945.86,6.22
Potato,20.43,2080.06,27.47
Wheat,22.9,1652.61,8.67
Cotton,22.07,1217.52,6.42
Cotton,19.59,1024.13,5.83
Rice,34.36,1012.4,8.54
Potato,22.48,2274.57,24.88
Sugarcane,29.33,1545.48,76.49
Maize,34.97,1007.34,8.12
Maize,35.61,2271.14,10.51
Potato,35.71,354.53,24.53
Maize,24.84,2788.38,11.95
Sugarcane,29.84,2521.74,75.72
Wheat,19.44,2157.41,6.66
Cotton,35.86,965.99,7.26
Cotton,16.4,2524.7,10.41
Rice,33.63,2341.28,8.95
Rice,24.09,2303.45,10.09
Cotton,18.96,738.36,4.36
Sugarcane,21.39,1838.68,75.79
Sugarcane,27.65,2549.99,75.5
Wheat,37.9,1561.14,6.13
Cotton,12.93,1678.94,9.57
Cotton,37.58,1319.42,8.88
Potato,34.47,1974.9,24.31
Sugarcane,27.62,2450.87,73.93
Potato,13.91,1576.11,26.63
Potato,34.37,2722.44,25.2
Wheat,30.72,1308.92,9.68
Maize,24.92,603.49,8.97
Maize,36.58,336.42,8.33
Rice,29.93,1747.58,9.13
Maize,18.66,2333.52,8.93
Rice,11.31,2421.14,11.59
Wheat,32.78,2709.32,6.76
Wheat,17.66,1615.76,9.55
Rice,18.42,825.49,7.66
Cotton,23.49,1995.65,10.81
Maize,32.5,2532.3,9.9
Cotton,37.73,764.22,6.06
Wheat,16.49,1169.68,7.41
Rice,36.46,2257.88,10.79
Wheat,28.13,886.64,6.62
Wheat,35.67,2546.49,9.17
Rice,35.45,2405.86,10.11
Maize,21.77,1562.79,11.42
Maize,30.34,2794.31,11.48
Maize,38.4,1037.94,8.98
Sugarcane,30.17,2628.67,78.61
Potato,23.74,1027.45,21.97
Rice,21.16,2036.47,11.01
Wheat,14.3,2188.02,9.93
Maize,39.96,1926.08,8.24
Sugarcane,29.73,1641.17,75.46
Wheat,18.3,1931.59,6.57
Sugarcane,12.23,357.85,72.73
Sugarcane,32.62,2502.7,76.83
Maize,35.65,1632.02,12.33
Sugarcane,22.83,1510.56,74.69
Potato,38.68,1736.73,23.62
Cotton,19.85,1726.77,7.26
Rice,32.68,2122.39,9.23
Rice,17.89,518.64,8.11
Sugarcane,20.08,2651.88,76.02
Wheat,28.16,2651.73,8.13
Wheat,11.1,331.35,9.38
Sugarcane,16.32,1610.4,74.78
Potato,15.29,2132.09,27.23
Rice,19.84,999.29,9.77
Wheat,33.32,1897.78,8.32
Potato,37.23,1939.92,26.51
Maize,10.38,843.18,8.93
Cotton,17.72,826.4,5.12
Wheat,10.76,2181,9
Wheat,35.84,2073.4,10.44
Sugarcane,15.96,2457.86,78.31
Cotton,33.12,2509.92,10.92
Potato,11,695.06,24.92
Wheat,21.95,2307.92,10.6
Rice,20.76,1959.97,12.35
Potato,19.88,1912.13,27.07
Rice,27.11,975.7,8.9
Potato,21.74,2372.62,22.94
Maize,22.1,2774.78,11.85
Rice,15.68,707.38,7.38
Wheat,22.44,2149.52,8.21
Rice,32.23,1249.5,9.77
Rice,19.69,769.79,10.71
Cotton,35.71,646.12,4.22
Rice,14.98,821.82,8.29
Wheat,35.4,2429.05,6.72
Wheat,28.47,1670.03,9.32
Rice,22.71,2529.74,10.99
Maize,11.06,2572.29,10.44
Cotton,13.8,676.66,6.05
Cotton,22.43,1871.6,8.58
Wheat,36.34,427.99,7.02
Cotton,38.7,984.44,7.71
Cotton,37.89,733.23,6.91
Maize,18.22,2396.79,10.95
Cotton,17.7,1211.95,3.3
Maize,32.19,2783.66,14.07
Rice,38.22,653.18,9.13
Cotton,14,870.93,4.43
Rice,21.33,1912.37,10.1
Rice,35.09,2721.87,9.69
Sugarcane,24.76,2133.49,76.6
Maize,35.27,614.45,9.79
Maize,13.5,1336.4,7.93
Maize,33.31,2790.35,14.97
Sugarcane,21.69,473.54,72.15
Potato,30.79,1013.46,25.53
Maize,18.79,610.99,8.31
Potato,30.76,2351.09,27.35
Wheat,31.06,2384.02,10.84
Wheat,22.58,1159.12,7.78
Maize,39.08,1139.81,9.04
Rice,10.01,2333.63,11.78
Rice,30.23,694.17,9.41
Sugarcane,37.26,2355.13,74.74
Potato,35.72,541.74,24.7
Sugarcane,26.94,1036.86,72.12
Maize,36.87,1559.49,9.15
Sugarcane,13.24,601.79,75.2
Wheat,26.3,486.64,8.39
Wheat,39.44,975.08,6.84
Wheat,39.75,1765.59,9.42
Maize,30.37,2333.29,13.47
Wheat,15.03,2131.03,9.11
Rice,13.39,1668.83,12.02
Sugarcane,37.67,1952.77,74.58
Cotton,36.42,1643.59,9.4
Cotton,19.46,1652.82,6.79
Rice,37.95,340.06,6.51
Wheat,13.92,1257.76,9.78
Wheat,18.83,1696.92,7.41
Potato,29.32,1785.68,27.05
Cotton,15.12,1569.36,6.54
Rice,39.67,2045.46,8.71
Wheat,16.68,1220.7,6.94
Wheat,17.36,657.37,6.01
Wheat,24.24,379.73,9
Sugarcane,33.35,1725.04,76.49
Sugarcane,13.61,1543.09,75.32
Maize,30.02,889.75,9.76
Cotton,12.98,853.82,6.36
Rice,12.84,1753.42,6.51
Cotton,11.24,567.21,5.96
Maize,26.34,639.74,11.52
Cotton,23.08,921.97,8.37
Sugarcane,19.22,2511.61,76.61
Wheat,25.81,2062.86,11.23
Wheat,25.06,1693.83,8.61
Wheat,24.22,1222.91,7.9
Maize,15.17,1344.01,7.92
Wheat,36.91,729.74,8.5
Wheat,28.6,2401.51,10.18
Sugarcane,13.82,754.8,72.59
Wheat,17.66,2201.56,10.61
Potato,32.94,898.68,21.85
Rice,33.29,2191.56,9.44
Maize,31.77,1059.93,8.5
Cotton,33.71,2753.15,7.65
Rice,27.95,2599.8,7.82
Cotton,18.66,2490.72,11.1
Potato,20.73,752.89,25.31
Cotton,25.29,509.66,7.92
Cotton,17.38,2710.42,9.89
Wheat,35.6,1389.33,10.34
Maize,32.41,2489.39,9.22
Sugarcane,39.4,1517.34,72.87
Potato,22.46,1922.91,27.96
Sugarcane,36.12,2188.56,73.88
Maize,33.37,1636.72,9.5
Rice,34.96,2642.67,9.78
Maize,30.64,419.99,5.56
Cotton,20.47,2387.34,7.98
Sugarcane,17.32,2019.5,75.02
Wheat,18.17,1126.65,7.42
Sugarcane,27.01,1475.49,74.18
Potato,36.39,1479.72,21.68
Sugarcane,23.47,407.62,74.68
Cotton,27.97,1638.09,7.07
Cotton,32.01,465.16,8.44
Sugarcane,35.66,1590.21,75.22
Sugarcane,29.45,837.82,76.15
Rice,28.88,2384.02,11.3
Cotton,39.63,473.58,7.87
Potato,35.87,1037.55,23.65
Rice,32,1321.42,9.87
Rice,34.96,1805.38,11.08
Wheat,40,2768.8,10.4
Rice,25.17,623.45,5.66
Cotton,31.17,1231.93,7.31
Potato,34.4,2002.72,25.14
Cotton,23.33,1234.51,5.2
Sugarcane,38.65,902,77.08
Rice,21.47,2337.3,10.53
Wheat,17.29,768.41,7.46
Maize,30.31,1141.29,8.68
Potato,12.42,901.22,24.1
Sugarcane,13.8,2701.53,76.05
Sugarcane,39.11,2390.66,75.63
Wheat,18.45,1452.43,8.18
Cotton,10.99,2400.33,10.2
Wheat,24.24,2006.56,6.56
Potato,36.02,1192.24,23.37
Wheat,20,823.34,9.44
Potato,22.58,1201.47,24.52
Cotton,14.71,1595.45,4.61
Sugarcane,20.38,799.98,72.17
Cotton,38.96,983.68,5.29
Maize,36.32,1916.96,10.31
Potato,32.2,2110.79,25.66
Rice,33.59,1440.19,11.1
Cotton,30.08,2723.98,11.68
Maize,13.54,1062.64,10.87
Wheat,13.52,2579.19,9.28
Maize,26.12,985.63,7.06
Rice,27.86,2139.05,8.78
Sugarcane,39.15,2795.96,74.03
Wheat,23.54,2383.96,7.46
Maize,37.52,1488.2,9.96
Sugarcane,39.71,611.48,72.35
Maize,35.34,2715.64,8.9
Sugarcane,21.97,2101.72,73.12
Maize,32.6,2394.94,11.51
Maize,26.36,1732.02,8.93
Wheat,15.96,1495.82,9.48
Wheat,13.89,496.05,5.42
Potato,12.1,454.89,23.99
Wheat,19.79,1755.22,7.24
Maize,30.66,771.88,8.3
Wheat,37.42,1987.35,8.05
Maize,19.61,2692.8,11.06
Rice,25.93,1189.63,9.24
Maize,24.06,2142.41,13.81
Maize,13.26,2578.31,12.88
Maize,32.81,2409.13,10.16
Potato,25.58,509.84,23.83
Sugarcane,37.52,1993.48,75.38
Wheat,35.06,1056.41,8.66
Maize,18.35,2557.19,11
Cotton,19.38,726.88,7.13
Potato,26.11,856.14,24.73
Wheat,13.75,1529.76,6.57
Wheat,17.53,1126.33,7.7
Wheat,34.63,1198.56,5.98
Wheat,14.59,1361.18,7.48
Potato,26.39,659.38,23.67
Sugarcane,21.82,539.81,74.73
Cotton,16.03,782.3,6.7
Potato,39.09,1635.16,23.5
Cotton,34.75,1303.32,7.94
Maize,18,1959.95,8.45
Cotton,33.56,2032.76,8.15
Potato,10.19,1876.1,23.91
Cotton,18.33,868.12,9.11
Potato,13.24,1855.82,24.75
Sugarcane,22.72,1707.4,75.84
Rice,29.14,1893.99,10.44
Cotton,15.14,922.75,6.66
Cotton,17.17,2771.23,6.5
Maize,21.78,2768.22,10.38
Rice,28.92,2496.97,10.57
Sugarcane,19.32,895.58,71.84
Maize,28.05,2181.7,10.68
Rice,20.48,613.86,8.99
Sugarcane,17.74,2592.38,73.55
Potato,35.65,860.05,24.62
Wheat,21.49,1402.54,10.32
Cotton,37.55,1909,8.2
Cotton,19.17,1215.71,7.53
Sugarcane,26.29,896.55,74.03
Wheat,11.61,2282.15,9.57
Maize,30.41,2331.29,11.22
Maize,33.86,1493.09,10.35
Wheat,39.14,1047.31,8.49
Maize,35.1,2073.6,8.87
Wheat,19.38,2550.01,8.83
Rice,26.7,2309.45,10.64
Sugarcane,27.76,1703.22,74.4
Cotton,11.7,449.18,8.04
Cotton,12.18,2597.93,6.44
Sugarcane,19.77,2571.38,77.86
Wheat,32.33,940.34,7.45
Potato,18.57,2016.46,26.63
Cotton,36.22,1234.19,8.72
Potato,29.35,850.11,23.3
Rice,24.04,326.78,8.58
Rice,26.22,1212.83,7.67
Rice,19.94,827.6,10.79
Sugarcane,39.22,359.26,75.7
Wheat,15.28,1616.72,9.54
Maize,35.81,881.27,8.83
Sugarcane,30.34,1771.89,74.22
Rice,31.35,1345.64,8.58
Maize,35.07,1153.32,10.51
Sugarcane,14.09,1239.96,76.06
Wheat,30.85,1734.73,5.98
Potato,33.29,2384.98,26.17
Wheat,39.54,1973.33,8.45
Wheat,32.43,576.39,6.44
Sugarcane,38.55,1717.5,76.27
Wheat,35.49,2222.27,10.49
Rice,36.27,1077.67,9.07
Sugarcane,37.51,1870.1,77.36
Maize,25.93,301.11,9.24
Potato,31.33,2649.37,26.86
Potato,13.72,969.32,24.26
Cotton,20.69,2564.97,7.47
Cotton,36.38,841.63,9.92
Rice,39.33,2540.56,8.24
Rice,13.35,1686.56,6.54
Maize,27.58,756.22,8.59
Sugarcane,32.04,1097.96,73.55
Rice,25.48,2374.86,8.69
Potato,16.99,2681.88,27.15
Cotton,11.25,2491.27,8.95
Sugarcane,38.54,2478.72,78.52
Maize,17.1,310.79,8.78
Potato,18.97,1420.97,24.02
Rice,29.28,2392.58,7.15
Potato,22.86,388.04,23.04
Cotton,22.7,2035.22,10.1
Wheat,12.48,1552.76,6.71
Rice,39.76,2275.95,13.1
Potato,18.53,951.98,24.05
Wheat,13.3,2505.48,11.73
Sugarcane,30.45,1041.87,75.06
Sugarcane,32.57,2677.99,73.99
Maize,10.76,1901.19,11.22
Potato,18.08,792.46,22.33
Rice,15.83,2239.85,10.11
Sugarcane,33.66,1636.96,74.42
Rice,15.51,1319.66,10.1
Cotton,17.06,1480.28,9.01
Cotton,39.6,1298.34,4.02
Potato,31.06,2068.66,24.66
Cotton,21.63,947.14,6.55
Rice,32.62,1580.19,9.87
Maize,23.99,2188.57,11.86
Maize,16.38,659.03,9.11
Sugarcane,24.64,1029.59,76.14
Potato,33.16,833.63,24.33
Cotton,15.35,1729.77,7.87
Wheat,24.57,1330.15,7.95
Sugarcane,13.58,1109.87,74.64
Maize,35.28,1194.48,8.65
Rice,34.56,1473.84,7.96
Wheat,30.2,1346.04,8.68
Wheat,37.6,2065.81,6.82
Sugarcane,22,2031.78,76.04
Wheat,13.96,366.57,8.18
Sugarcane,39.27,2074.08,74.37
Wheat,25.39,855.02,7.44
Rice,24.27,1349.56,8.13
Cotton,11.91,856.14,8.23
Wheat,27.11,597.43,8.55
Rice,29.34,1759.82,10.46
Cotton,24.2,2676.57,10.02
Rice,37.31,1229.91,9.76
Cotton,32.27,1995.67,9.37
Wheat,11.16,1432.63,9.48
Cotton,26.28,753.2,8.71
Potato,39.81,2602.42,26.03
Sugarcane,15.99,1424.03,74.07
Cotton,28.52,321.02,6.23
Wheat,18.2,1441.6,10.67
Sugarcane,21.14,314.83,73.76
Potato,11.01,2284.8,30.06
Sugarcane,30.64,1219.64,74.41
Potato,32.97,1836.52,25.33
Cotton,33.19,2216.79,9.79
Rice,39.12,369.26,8.7
Rice,35.14,1595.21,10.24
Sugarcane,16.23,1895.19,73.43
Rice,16.92,1477.92,10.93
Cotton,33.04,1065.73,7.27
Potato,33.31,1458.04,25.06
Cotton,13.69,1282.97,5.03
Sugarcane,10.2,1828.92,73.87
Sugarcane,22.04,1472.78,76.16
Rice,30.84,625.5,8.55
Rice,36,509.81,8.56
Wheat,14.96,708.03,8.51
Maize,34.46,464.04,7.44
Maize,30.53,933.91,12.08
Rice,14.98,474.9,7.39
Sugarcane,36.2,1808.95,73.47
Wheat,37.99,1411.7,9.45
Rice,17.97,938.63,8.09
Wheat,14.46,331.37,7.85
Maize,39.03,665.6,10.88
Maize,10.69,1966.79,11.51
Rice,38.45,923.52,10.19
Rice,16.49,1132.3,7.59
Wheat,23.14,490.83,8.3
Rice,19.25,1670.7,9.72
Cotton,14.61,2310.92,8.54
Rice,20.57,1183.23,9.16
Maize,26.18,586.75,11.42
Maize,12.81,2684.92,11.84
Wheat,34.28,1578.19,7.85
Rice,34.01,523.56,7.51
Maize,33.92,1543.44,9.88
Cotton,30.59,412.29,5.67
Sugarcane,23.66,438.23,72.59
Rice,35.01,1096.23,7.04
Cotton,35.56,1993.14,8.74
Cotton,18.56,2062.64,8.5
Wheat,24.43,2553.64,11.97
Potato,16.09,569.97,25.93
Potato,17.67,1459.96,25.95
Wheat,17.17,1490.9,5.99
Wheat,34.81,1452.08,7
Sugarcane,17.52,2403.72,76.18
Maize,26.39,2328.38,10.15
Wheat,28.85,1569.37,8.66
Cotton,32.34,2246.31,7.26
Sugarcane,10.87,447.98,72.33
Rice,24.27,1630.33,11.45
Maize,18.78,537.26,10.18
Cotton,35.02,2467.49,5.92
Wheat,11.1,1557.87,8.59
Sugarcane,16.21,343.9,74.79
Potato,19.47,1674.13,22.33
Sugarcane,12.34,2144.42,76.91
Potato,21.86,637.27,23.53
Rice,32.31,1007.12,8.69
Maize,16.37,1420.72,9.24
Rice,32.63,1336.55,9.3
Maize,25.87,1557.17,9.14
Rice,20.34,341.23,8.72
Cotton,21.06,2145.38,9.26
Maize,13.49,1088.4,11.94
Cotton,17.49,2054.5,9.78
Cotton,31.94,2438.02,4.97
Wheat,35.88,2018.19,8.87
Potato,17.97,1979.79,23.99
Potato,27.66,1747.57,23.7
Maize,11.04,302.54,6.42
Sugarcane,12.32,2559.55,77.64
Wheat,38.93,2383.93,9.26
Potato,36.9,786.4,25.43
Wheat,12.44,750.73,9.97
Cotton,34.67,392.07,5.91
Maize,13.08,1248.81,9.31
Cotton,34.86,2762.99,10.63
Rice,37.41,543.14,9.18
Rice,14.59,1712.53,11.81
Sugarcane,14.42,962.19,73.98
Maize,37.8,2454.08,14.75
Cotton,19.04,1568.02,6.29
Cotton,24.18,2433.89,7.13
Cotton,19.13,2624.01,7.99
Wheat,32.48,1883.98,8.53
Rice,16.33,1007.09,8.71
Potato,24.82,1421.04,26.47
Potato,35.51,1878.68,26.48
Maize,38.28,1927.13,11.66
Sugarcane,20.58,467.57,76
Potato,13.42,1176.41,25.7
Wheat,34.29,1630.99,10.58
Sugarcane,13.32,1141.01,74.45
Cotton,33.38,1745.21,9.26
Potato,30.67,740.06,23.99
Wheat,27.33,386.46,6.81
Cotton,38.18,1153.3,6.2
Potato,19.67,1720.57,26.24
Cotton,12.8,327.51,4.44
Rice,39.45,1829.09,7.08
Sugarcane,23.23,1186.31,75.47
Cotton,23,2782.77,8.27
Maize,12.69,2256.98,11.23
Potato,32.31,1027.62,25.68
Cotton,31.6,2728.74,9.45
Sugarcane,14.36,995.88,73.86
Sugarcane,17.01,570.67,74.34
Maize,10.49,367.17,8.94
Maize,36.69,2258.73,11.85
Rice,17.34,1097.74,9.81
Sugarcane,37.81,2760.84,78.3
Potato,27.14,1845.52,25.08
Rice,22.76,710.73,9.19
Maize,10.23,1140.12,9.37
Maize,12.77,1580.85,12.55
Wheat,14.76,2104.29,7.76
Cotton,13.17,1778.54,7.89
Rice,17.69,950,10.96
Wheat,14.64,1490.09,7.14
Wheat,29.92,841.22,7.18
Wheat,18.91,1174.47,8.22
Potato,31.55,1013.95,21.54
Maize,14.06,2546.38,9.5
Wheat,16.27,2270.18,11.13
Cotton,33.62,1629,6.43
Wheat,29.02,735.51,8.52
Sugarcane,12.89,1784.08,76.2
Potato,38.78,1186.41,23.56
Wheat,32.88,393.16,10.68
Maize,26.58,2022.97,8.04
Maize,20.29,939.21,8.54
Sugarcane,12.82,885.41,75.78
Sugarcane,20.75,1959.49,74.07
Sugarcane,19.69,2478.55,76.85
Maize,12.35,1005.07,8.37
Cotton,33.51,2243.89,8.22
Wheat,22.46,2514.35,8.92
Potato,36.69,827.44,27.77
Sugarcane,14.74,2593.58,76.73
Wheat,19.53,1007.78,7.8
Potato,18.37,844.49,23.76
Wheat,35.95,1201.76,6.07
Potato,25.23,870.54,21.37
Potato,14.25,1731.34,23.95
Rice,20.72,1481.93,7.72
Wheat,38.3,1974.56,10.08
Rice,26.54,2110.76,12.09
Maize,11.1,504.51,9.47
Wheat,11.74,684.08,7.68
Cotton,17.07,2274.2,6.28
Potato,28.64,465.61,24.04
Wheat,17.36,1946.99,9.09
Cotton,35.5,1958.79,10.03
Maize,28.88,2142.78,11.59
Sugarcane,19.02,846.64,73.42
Maize,21.82,677.63,8.95
Potato,21.26,1424.9,21.48
Potato,19.43,406.99,23.95
Maize,28.9,2404.61,12.39
Sugarcane,16.05,2166.9,74.72
Cotton,18.76,2511.74,9.73
Sugarcane,12.56,474.39,74.78
Rice,21.28,2602.19,11.71
Rice,11.93,2191.59,8.47
Maize,10.54,581.89,8.91
Potato,29.38,561.7,24.34
Maize,14.87,2549.96,12.47
Wheat,11.06,1465.37,9.76
Maize,12.05,2797.12,9.55
Wheat,15.98,1887.52,7.13
Sugarcane,31.63,2019.75,74.21
Potato,10.36,1469.69,24.24
Potato,31.8,1392.23,24.42
Sugarcane,27.91,2304.62,75
Rice,25.42,1421.85,11.02
Rice,37.28,1545.94,13.3
Rice,34.89,1277.27,11.44
Maize,22.56,790.72,8.07
Wheat,10.2,2422.27,8.35
Sugarcane,31.32,851.78,73.15
Sugarcane,11.43,1054.21,75.37
Potato,18.34,1781.99,26.53
Cotton,24.79,1115.31,4.78
Sugarcane,12.98,1183.44,73.72
Rice,30.38,309.71,7.89
Maize,19.64,2302.54,14.32
Maize,20.85,1536.07,9.4
Cotton,29.45,790.55,5.11
Sugarcane,21.95,2080.47,77.68
Maize,16.74,1940.01,8.84
Potato,15.3,1240.94,25.61
Cotton,31.72,1745.37,9.29
Cotton,32.52,1966.73,9.29
Wheat,15.87,454.96,8.19
Wheat,19.57,1344.03,8.61
Potato,38.7,1611.68,27.29
Cotton,39.53,2108.3,4.7
Sugarcane,27.56,1254.21,73.35
Potato,32.71,726.92,25.25
Sugarcane,32.45,524.05,73
Maize,21.87,2323.41,8.69
Maize,11.45,1497.95,9.79
Rice,32.22,873.26,10.9
Rice,14.07,2312.09,10.25
Rice,18.71,2329.85,10.6
Sugarcane,19.47,1928.2,76.68
Sugarcane,20.47,600.29,76.81
Cotton,23.97,1058.72,3.84
Cotton,25.05,2506.23,8.37
Maize,24.51,603.81,8.29
Maize,14.89,2051.38,11.21
Rice,29.46,940.2,7.96
Cotton,33.71,385.51,6.19
Cotton,23.85,2022.64,10.64
Potato,35.15,962.28,24.73
Rice,23.33,2157.5,10.8
Wheat,27.05,1217.48,8.16
Sugarcane,12.09,848.46,75.61
Potato,14.41,2574.95,24.77
Maize,33.02,1188.11,10.11
Maize,17.48,2586.21,11.71
Potato,12.81,2703.2,25.95
Sugarcane,27.05,1316.1,75.28
Sugarcane,12.83,2095.75,75.17
Rice,30.52,1291.39,11.55
Potato,30.68,1941.11,27.55
Cotton,23.59,2229.66,6.64
Cotton,30.57,1896.13,6.9
Sugarcane,33.98,1023.91,74.96
Cotton,15.93,1070.41,8.26
Sugarcane,29.49,2454.26,77.31
Sugarcane,30.77,1710.13,73.9
Cotton,15.83,2553.94,6.02
Sugarcane,31.81,1347.08,75
Cotton,31.59,958.17,8.07
Rice,14.72,1820.52,11.44
Potato,19.52,2525.03,24.56
Potato,38.23,1553.39,24.58
Sugarcane,12.13,994.55,73.47
Maize,16.87,853.82,10.54
Rice,27.36,1422.99,8.99
Wheat,39.06,2435.83,12.73
Wheat,17.71,1014.18,9.92
Sugarcane,34.5,1684.31,76.79
Sugarcane,21.02,732.63,74.37
Maize,20.57,2157.65,11.02
Potato,39.88,1447.9,22.81
Rice,34.52,896.48,4.07
Rice,17.46,2187.4,10.33
Sugarcane,15.57,2120.11,74.44
Rice,12.52,383.9,11.27
Maize,24.48,1404.17,11.02
Maize,20.04,1782.57,8.82
Sugarcane,21.42,939.93,75.02
Wheat,22.94,440.73,7.84
Maize,39.73,1009.94,8.32
Cotton,10.09,2467.82,7.43
Sugarcane,22.78,1148.32,76.55
Cotton,11.95,2266.72,7.01
Sugarcane,30.19,2055.55,72.82
Maize,11.51,2696.5,10.75
Potato,33,2480.06,25.55
Sugarcane,36.03,2653.96,78.31
Maize,39.12,358.24,7.83
Wheat,13.63,1043.23,8.45
Rice,39.37,2481.88,10.42
Sugarcane,22.37,1231.78,76.34
Rice,28.98,431.86,7.16
Rice,10,2621.54,12
Sugarcane,21.11,1429.99,74.43
Wheat,20.59,429.52,8.03
Cotton,25.11,1009.52,7.54
Cotton,13.98,2439.44,7.02
Sugarcane,30.71,2274.16,74.19
Sugarcane,27.87,2793.12,75.44
Sugarcane,16.37,1400.08,76.37
Cotton,39.51,1056.31,6.18
Maize,10.17,632.87,11.28
Wheat,20.08,1045.15,7.54
Cotton,17.85,799.08,7.23
Sugarcane,26.8,1970.05,74.82
Rice,36.65,2215.45,11.01
Sugarcane,29.73,2309.05,75.35
Maize,11.43,2180.42,9.11
Rice,35.9,1525.85,11.49
Cotton,17.95,1281.16,8.11
Wheat,13.31,550.38,8.11
Wheat,22.98,1746.62,8.28
Maize,36.96,1432.08,10.03
Potato,11.04,908.14,21.98
Maize,28.77,2306.41,11.95
Wheat,19.97,2077.69,8.3
Maize,28.68,1720.4,8.75
Rice,17.99,801.29,10.57
Sugarcane,39.01,1725.06,76.74
Rice,13.41,810.24,7.4
Sugarcane,14.74,2130.71,73.51
Sugarcane,11.37,731.01,72.41
Sugarcane,33.85,2148.86,74.49
Wheat,12.82,1651.9,8.79
Maize,18.3,2741.59,11.37
Maize,16.17,1467.26,9.43
Potato,20.61,899.29,21.97
Sugarcane,32.97,2399.14,74.27
Cotton,38.51,1750.98,6.36
Rice,36.37,1642.06,9.45
Wheat,35.23,563.14,7.54
Maize,22.52,1251.8,11.59
Maize,34.05,311.61,9.09
Cotton,33.31,838.83,5.66
Wheat,17.43,1612.84,8.91
Sugarcane,17.87,1483.32,73.66
Rice,24.97,1718.47,9.84
Cotton,38.9,2470.28,10.89
Cotton,13.24,950.29,5.63
Wheat,39.65,1992.62,11.12
Sugarcane,14.77,1677.75,75.78
Sugarcane,24.57,2351.34,77.36
Wheat,19.12,968.33,7.54
Wheat,22.59,2775.72,8.32
Wheat,38.74,1959.72,7.05
Maize,28.95,401.29,11.09
Wheat,18.93,311.6,7.68
Rice,28.85,2469.61,10.36
Cotton,23.56,954.08,7.84
Maize,38.3,892.66,7.14
Potato,20.59,1674.47,24.92
Rice,27.53,723.48,6.76
Rice,35.48,1021.67,5.99
Cotton,38.77,1590.23,4.61
Wheat,33.98,2754.7,9.11
Rice,38.07,682.97,6.9
Sugarcane,23.91,404.86,74.39
Potato,32.94,2070.09,23.34
Potato,12.84,1840.54,26.98
Rice,27.81,1083.24,11.17
Sugarcane,10.41,998.49,74.59
Maize,17.8,2469.64,11.63
Rice,29.97,1103.3,11.78
Maize,15.15,1782.47,9.26
Wheat,16,1363.41,9.48
Wheat,11.85,1618.55,6.9
Wheat,32.42,2520.39,7.95
Maize,23.44,1419.19,11.42
Cotton,36.64,2363.61,10.13
Maize,20.87,1805.49,13.05
Wheat,23.06,1208.81,9.74
Cotton,24.85,362.15,7.3
Sugarcane,35.83,1968.59,75.14
Cotton,18.77,2041.35,8.48
Cotton,11.55,2782.38,10.89
Cotton,28.82,2077.59,7.49
Cotton,34.77,2349.35,8.05
Rice,26.69,718.29,5.99
Maize,19.61,2207.34,9.66
Rice,28.91,1179.96,7.51
Wheat,39.73,2750,10.69
Rice,27.22,1429.33,7.58
Cotton,19.46,1462.1,6.14
Potato,17.31,1543.81,24.31
Maize,39.95,1069.44,10.4
Rice,35.51,1249.05,9.62
Potato,18.38,1280.82,25.89
Potato,17.87,1582.42,25.02
Cotton,34.11,653.22,7.93
Rice,39.77,1793.86,11.5
Potato,23.97,1647.55,25.97
Potato,16.82,2755.64,27.96
Rice,16.91,2486.09,8.91
Cotton,33.92,1456.25,8.27
Maize,28.15,2045.2,8.12
Maize,29.01,1939.04,10.2
Rice,15.83,887.12,10.14
Wheat,13.91,1132.41,9.84
Sugarcane,10.32,383.55,75.35
Sugarcane,37.46,539.3,73.65
Sugarcane,20.65,1074.12,74.95
Sugarcane,32.74,2245.25,75.19
Cotton,36.53,2089.28,6.16
Maize,27.96,2710.59,12
Potato,22.73,1216.35,22.47
Rice,11.16,1157.17,6.23
Maize,20.11,557.38,6.36
Sugarcane,19.65,2269.07,73.18
Rice,26.99,713.57,7.69
Potato,32.92,2683.44,26.38
Potato,31.33,1089.48,23.66
Maize,36.1,1918.16,7.32
Rice,11.41,1426.12,7.46
Wheat,28.15,860.4,8.93
Wheat,15.67,1440,6.8
Maize,39.18,1114.89,7.97
Sugarcane,22.27,1863.64,74.12
Rice,28.72,1677.97,9.95
Maize,20.55,506.75,12.55
Sugarcane,16.61,480.36,72.3
Sugarcane,30.64,2713.1,76.21
Cotton,38.18,1053.74,10.5
Wheat,11.78,526.36,6.78
Sugarcane,34.76,754.6,76.06
Rice,20.25,686.21,6.13
Rice,13.63,824.75,7.95
Wheat,31.4,417.19,6.37
Wheat,12.47,794.24,8.94
Sugarcane,31.83,2653.38,73.39
Cotton,23.07,1730.12,6.82
Potato,14.94,1113.16,23.67
Wheat,14.72,2273.79,9.39
Wheat,32.45,2539.62,12.57
Rice,34.85,476.83,9.78
Wheat,30.57,1160.77,11.12
Potato,31.63,2346.53,27.39
Rice,35.44,1817.83,9.16
Sugarcane,22.86,2005.71,74.4
Potato,15.03,1698.92,24.81
Rice,21.32,505.5,7.11
Maize,39.38,2426.98,10.62
Rice,23.45,895.89,9.79
Cotton,37.72,558.05,7.99
Sugarcane,31.08,1148.76,74.89
Rice,32.13,2163.32,12.16
Wheat,15.71,2499.89,9.96
Potato,21.06,1926.26,23.63
Maize,31.97,1195.23,8.49
Rice,29.67,2120.45,8.76
Sugarcane,35.88,2216.3,73.21
Maize,16.3,2607.59,12.08
Maize,32.45,596.56,10.11
Wheat,11.18,650.61,6.8
Wheat,18.99,1391,9.32
Sugarcane,28.91,1151.28,71.72
Maize,39.4,2230.62,10.29
Sugarcane,39.68,1770.81,73.37
Sugarcane,23.17,540.03,74.3
Rice,32.94,1636.44,9.17
Cotton,28.01,1013.9,3.77
Potato,31.27,1318.26,25.42
Rice,31.96,503.59,10.11
Wheat,26.42,387.58,10.13
Wheat,34.42,2713.13,5.64
Cotton,27.53,2154.3,8.21
Sugarcane,13.02,1932.97,77.13
Cotton,39.68,1990.84,7.18
Maize,19.12,1894.12,7.85
Maize,38.93,1248.19,10.18
Sugarcane,18.78,1544.49,73.06
Maize,35.59,2613.17,10.68
Cotton,30.69,1227.09,5.2
Sugarcane,20.71,777.96,71.73
Rice,38.14,435.38,5.81
Sugarcane,27.49,951.17,76.65
Maize,34.89,627.78,6.7
Sugarcane,33.91,1927.38,77.03
Cotton,11.39,891.4,5.19
Rice,18.07,1130.67,9.14
Rice,24.17,539.26,9.74
Potato,37.99,1388.83,26.75
Rice,11.87,2687.08,8.94
Rice,15.57,1397.37,10.16
Potato,28.74,2177.96,24.34
Wheat,29.58,1725.05,7.06
Potato,14.92,1094.16,24.88
Sugarcane,38.45,2653.53,74.95
Maize,15.31,1595.5,10.81
Potato,15.47,2230.1,26.16
Cotton,29.07,606.19,5.37
Cotton,22.64,866.62,7.04
Potato,10.78,1432.61,26.54
Cotton,37.62,2223.74,10.97
Maize,12.25,2339.51,10.52
Wheat,14.69,2744.58,9.51
Maize,36.91,2676.84,10.69
Cotton,18.26,1357.07,5.85
Potato,34.53,1629.78,29.14
Sugarcane,15.12,363.7,71.89
Rice,11.45,1523.19,10.51
Cotton,17.04,392.37,5.78
Maize,32.26,332.97,10.57
Cotton,29.88,1690.39,6.49
Potato,19.32,2543.97,27.01
Cotton,29,2712.35,8.92
Rice,29.95,2134.85,9.11
Wheat,26.94,2168.57,10.6
Cotton,38.07,1404.68,4.96
Cotton,33.81,1716.39,8.61
Rice,34.48,1760.28,10.87
Rice,22.78,474.67,10.7
Maize,30.52,414.07,7.51
Potato,15.5,663.54,24.76
Maize,18.88,2286.92,13.34
Cotton,25.07,1703.03,7.63
Wheat,34.49,1778.09,5.5
Sugarcane,20.11,1173.06,75.03
Wheat,23.19,2471.36,11.26
Rice,38.72,2708.73,12.48
Potato,18.52,834.17,23.23
Cotton,28.54,1087.5,5.36
Rice,13.02,1120.29,8.75
Sugarcane,22.35,2707.04,76.16
Wheat,19.9,1594.6,10.89
Cotton,10.39,1718.77,8.52
Rice,27.56,1220.5,9.14
Rice,19.94,2548.48,10.78
Cotton,17.55,777.38,6.57
Sugarcane,36.78,1442.83,75.45
Cotton,16.89,863.72,9.53
Cotton,22.16,1762.8,8.26
Cotton,38.48,1669.49,3.46
Rice,12.41,628.09,6.48
Wheat,38.15,2376.56,8.29
Potato,21.71,606.22,22.44
Wheat,33.73,741.32,8.67
Wheat,20.68,976.77,7.01
Wheat,22.47,2333.74,7.28
Wheat,23.13,808.84,9.33
Wheat,38.4,848.15,8.13
Maize,26.51,1930.05,10.98
Maize,16.51,2374.32,11.01
Potato,28.35,2047.84,24.09
Potato,36.68,1643.59,24.22
Rice,16.43,1925.25,9.29
Cotton,20.13,1667.74,6.8
Maize,27.14,1192.03,10.24
Maize,39.62,2026.58,11.81
Rice,23.96,2018.46,6.72
Wheat,27.53,1881.21,8.87
Wheat,14.06,1887.74,10.01
Cotton,32.74,890.61,8.23
Wheat,16.6,2617.99,9.06
Potato,19.84,2780.62,25.25
Maize,31.29,1689.05,13.74
Potato,31.38,859.47,24.19
Maize,19.56,1093.2,9.14
Potato,35.51,2149.12,26.05
Maize,33.84,980.33,9.68
Sugarcane,28.47,1821.65,77.22
Wheat,15.36,557.15,6.16
Sugarcane,37.15,2719.35,75.65
Wheat,25.82,2402.71,8.93
Potato,21.29,2354.09,26.19
Maize,37.82,2240.95,11.91
Cotton,39.15,300.7,6.09
Cotton,31.52,470.51,7.02
Cotton,33.74,1772.56,6.82
Sugarcane,17.4,2221.59,75.53
Potato,17.76,2188.29,26.75
Sugarcane,27.08,1623.03,77.45
Rice,39.5,1602.24,8.84
Wheat,32.3,518.84,7.93
Sugarcane,32.38,2621.63,76.29
Cotton,17.73,1082.22,4.25
Potato,22.59,824.75,24.73
Wheat,20.28,1791.74,9.61
Cotton,19.07,359.07,4.61
Potato,31.93,2702.78,29.18
Potato,13,1214.44,26.62
Sugarcane,14.96,1038.79,76.16
Cotton,22.37,679.08,3.75
Wheat,19.08,1570.7,7.46
Wheat,37.1,1273.83,8.5
Sugarcane,16.01,1066.27,73.82
Wheat,17.47,631.12,8.19
Maize,15.34,1113.41,9.55
Maize,35.75,2350.32,10.99
Maize,16.06,2286.26,9.85
Potato,20.56,1731.88,23.26
Maize,30.08,2181.59,10.52
Rice,12.33,1831.2,7.08
Cotton,34.5,588.63,5.98
Wheat,31.19,2614.37,11.38
Maize,17.83,1550.75,11.87
Maize,21.75,2151.12,7.8
Potato,28.6,2487.84,23.72
Sugarcane,38.39,2498.24,76.38
Sugarcane,28.88,2632.89,74.69
Wheat,17.59,1918.46,10.74
Rice,24.47,1883.18,9.48
Cotton,23.49,899.1,7.32
Rice,25.98,1085.39,10.82
Sugarcane,25.57,1808.51,75.62
Wheat,20.92,926.74,8.35
Potato,36.15,1197.22,26.94
Potato,19.9,715.49,26.94
Maize,25.9,2176.56,9.58
Rice,17.83,1877.62,8.39
Wheat,23.04,2109.64,8.18
Potato,30.44,1411.59,23.88
Potato,32.74,2139.41,25.31
Potato,34.19,1464.17,25.84
Wheat,32.1,1631.86,9.39
Potato,24,618.17,22.91
Maize,11.12,391.08,9.37
Rice,25.73,2162.58,7.21
Maize,11.65,2526.51,11.48
Sugarcane,38.99,1201.79,74.02
Potato,21.34,2417.11,25.71
Wheat,25.11,988.61,4.8
Maize,13.89,2129.77,12.72
Maize,39.87,1754.72,7.87
Rice,24.77,383.88,7.56
Maize,18.95,903.93,7.51
Maize,15.79,1872.49,9.13
Cotton,29.5,819.41,6.91
Sugarcane,23.09,1774.72,75.75
Potato,19.52,2067.05,23.41
Sugarcane,10.29,1166.46,79.22
Maize,11.09,2028.57,9.25
Sugarcane,30.81,1907.14,77.13
Potato,24.42,2768.28,27.5
Potato,35.47,1836.63,25.76
Cotton,32.61,988.38,3.93
Maize,27.2,917.99,10.45
Rice,26.83,1949.19,9.56
Potato,32.36,558.65,24.87
Wheat,32.23,865.98,6.35
Potato,20.04,322.43,25.19
Cotton,13.16,1578.61,8.28
Potato,33.15,2264.08,27.71
Sugarcane,16.69,1576.64,73.22
Wheat,33.74,1013.92,7.04
Potato,28.54,2394.83,23.4
Sugarcane,20.74,1511.74,75.51
Wheat,35.57,2024.3,9.94
Potato,30.74,2766.15,27.84
Wheat,26.35,2334.31,10.39
Wheat,19.03,2426.32,11.84
Cotton,39.59,601.82,7.2
Potato,35.16,1651.62,24.88
Maize,14.1,2792.59,12.56
Potato,34.19,1109.25,24.76
Rice,13.61,404.47,6.12
Sugarcane,17.43,385.13,70.98
Wheat,38.73,2746.73,8.94
Sugarcane,36.1,1385.61,78.53
Potato,28.18,1012.13,22.93
Maize,30.97,1584.83,11.04
Potato,12.69,1825.44,27.39
Wheat,19.97,2501.93,10.13
Sugarcane,19.67,1406.59,70.87
Wheat,10.98,2432.69,11.51
Maize,31.12,950.48,9.51
Rice,19.23,1671.3,9.16
Potato,28.99,2253.96,25.25
Rice,10.82,1406.72,12.17
Potato,10.05,993.86,25.92
Rice,15.1,2322.5,10.47
Cotton,31.09,2318.16,8.33
Rice,28.13,1005.77,9.37
Rice,16.03,1812.18,7.46
Maize,25.7,915.93,13.45
Sugarcane,28.58,2540.77,78.19
Potato,38.17,487.8,23.15
Wheat,32.87,1255.76,8.34
Maize,14.08,1925.3,10.74
Wheat,18.11,2450.59,10.63
Maize,22.1,2288.42,11.69
Potato,13.16,2010.26,27.34
Cotton,26.66,2615.17,10.68
Wheat,37.21,360.69,6.69
Cotton,19.19,2748.77,9.5
Rice,39.54,1164.53,7.21
Wheat,17.48,2170.63,8.8
Maize,24.17,997.98,8.19
Wheat,20.29,1336.7,5.65
Maize,19.24,2489.94,13.24
Rice,21.34,1420.47,8.41
Sugarcane,10.97,2512.09,73.9
Potato,25.96,1672.54,28.16
Maize,32.24,960.25,9.35
Wheat,35.91,1515.83,7.62
Rice,19.73,521.86,7
Sugarcane,26.51,1495.35,75.2
Rice,36.78,2269.17,11.95
Rice,34,472.13,7.26
Sugarcane,23.92,883.57,72.88
Cotton,14.95,1356.11,7.85
Maize,26.75,2194.58,10.16
Maize,39.69,2177.73,10.08
Potato,32.73,2518.23,24.96
Potato,35.44,663.73,24.29
Rice,15.66,689.32,9.88
Sugarcane,37.12,1972.43,75.46
Potato,10.42,750.23,24.13
Rice,35.87,1334.59,7.33
Wheat,17.17,1648.51,9.93
Cotton,28.68,942.27,4
Cotton,18.79,2028.89,8.57
Sugarcane,14.06,2444.93,74.78
Cotton,17.41,330.45,6.04
Sugarcane,24.19,1023.16,71.8
Maize,37.59,2080.48,11.52
Wheat,21.67,988.99,5.65
Wheat,11.68,1607.39,6.37
Potato,10.71,2191.16,27.67
Sugarcane,16.3,1159.27,75.27
Maize,11.56,2268.91,11.25
Maize,21.13,2340.34,11.11
Maize,21.53,2777.73,8
Maize,39.16,1380.78,9.04
Rice,19.19,1489.49,5.61
Rice,27.97,2257.22,9.89
Cotton,34.56,2469.95,11.72
Sugarcane,25.39,1563.08,73.22
Rice,30.9,354.31,10.22
Wheat,39.23,1445.09,9
Maize,19.72,863.11,8.72
Sugarcane,12.23,541.73,74.75
Wheat,22.91,1148.1,7.54
Sugarcane,26.22,1279.8,73.91
Sugarcane,27.4,2754.13,74.25
Potato,32.16,1438.11,25.95
Sugarcane,36.94,2718.93,75.36
Maize,25,2130.98,11.66
Potato,14.3,932.72,23.1
Potato,22.1,2054.91,28.19
Potato,14.66,1306.64,25.64
Rice,15.47,1748.19,10.6
Cotton,10.05,1598.16,7.89
Sugarcane,37.89,2629.54,72.41
Sugarcane,32.36,624.27,71.07
Rice,13.01,1409.84,6.74
Rice,37.6,502.92,7.56
Maize,36.11,936.85,9.16
Wheat,37.3,492.1,8.78
Maize,12.92,2646.74,13.06
Rice,12.4,1087.22,9.28
Sugarcane,12.03,2253.23,75.12
Sugarcane,39.01,2171.35,74.78
Potato,29.81,650.98,26.69
Sugarcane,15.34,652.63,74.2
Cotton,37.87,1244.87,3.95
Cotton,23.29,1721.46,7.88
Wheat,33.56,1366.81,11.16
Wheat,29.09,2219.89,7.44
Sugarcane,29.49,1639.86,74.4
Wheat,23.19,2504.62,9.84
Wheat,21.85,1781,9.41
Sugarcane,14.86,1780.92,74.58
Rice,12.12,1949.2,10.28
Rice,37.84,1807.51,8.74
Cotton,38.1,1830.29,7.53
Cotton,29.24,1424.27,6.37
Maize,21.64,526.37,9.34
Maize,10.75,1222.27,8.96
Potato,23.43,2220.76,27.2
Rice,29.77,394.97,9.03
Cotton,19.01,2026.58,9.84
Wheat,20.27,2752.14,10.08
Rice,24.17,1389.91,9.45
Cotton,24.85,831.03,7.06
Cotton,32.29,357.52,9.43
Sugarcane,24.99,2436.88,75.11
Maize,35.36,668.47,10.41
Rice,24.48,407.87,9.65
Rice,10.96,1513.6,8.17
Wheat,14.24,1254.33,3.81
Cotton,31.54,2699.52,9.89
Maize,23.56,1456.31,9.2
Maize,23.84,2388.58,12.15
Wheat,39.34,2629.99,11.39
Wheat,27.14,760.61,10.08
Cotton,13.51,1165.82,5.32
Rice,23.01,2608.2,12.96
Rice,26.84,1689.66,12.18
Sugarcane,11.12,1106.72,77.4
Rice,20.94,1601.28,6.18
Wheat,39.03,2127.92,8.54
Rice,32.54,1845.86,9.43
Maize,21.16,2633.98,13.79
Potato,17.86,2707.45,25.65
Potato,18.49,2078.65,26.65
Cotton,34.85,1959.28,6.52
Sugarcane,22.05,333.9,71.25
Rice,35.3,2259.24,8.76
Sugarcane,37.26,1548.6,75.12
Sugarcane,23.93,2486.6,74.96
Wheat,38.36,2632.77,9.89
Rice,19,1222.51,9.63
Maize,17.8,2563.66,12.22
Cotton,13.22,1948.92,7.15
Rice,17.37,1370.25,8.21
Wheat,33.18,426.93,6.46
Rice,22.11,2155.38,11.34
Wheat,14.44,2533.02,8.74
Wheat,13.21,1755.77,13.1
Maize,24.71,1307.16,11.69
Wheat,26.18,1428.67,5.52
Sugarcane,33.84,2070.17,75.05
Maize,31.44,795.67,11.18
Potato,15.01,811.01,26.2
Sugarcane,18.31,1167.59,75.59
Maize,30.81,374.54,10.47
Cotton,15.42,1972.35,6.78
Potato,34.1,1420.6,22.75
Maize,29.72,2534.29,11
Sugarcane,26.09,1917.57,72.84
Wheat,29.33,2061.78,9.8
Wheat,12.99,1979.65,9.11
Wheat,26.44,1344.79,6.21
Maize,23.54,2631.79,10.28
Maize,25.39,2585.91,10.62
Sugarcane,20.13,1506.29,73.97
Cotton,24.05,2248.34,6.01
Cotton,36.5,2762.76,7.99
Potato,20.35,1128.09,25.18
Potato,11.35,1862.13,25.57
Maize,17.69,1723.89,9.78
Rice,23.63,1651.93,9.26
Potato,26,2632.81,24.98
Potato,22.81,616.5,24.04
Maize,34.8,1590.96,7.44
Maize,37.46,364.64,8.53
Cotton,24.6,1070.26,4.72
Cotton,12.28,1987.66,11.5
Sugarcane,22.63,2251.02,75.26
Potato,15.44,2435.66,25.39
Rice,18.5,491.54,6.76
Wheat,34.99,761.41,9.06
Cotton,26.06,1303.76,3.74
Rice,34.86,1253.04,10.37
Rice,39.57,934.83,7.37
Sugarcane,26.36,2641.73,75.33
Potato,37.37,1634.8,27.64
Wheat,30.5,1942.56,11.35
Sugarcane,13.05,2174.15,75.42
Rice,22.54,1659.71,8.21
Potato,29.77,2384.11,25.76
Sugarcane,31.16,2762.1,75.25
Wheat,35.82,1279.8,10.24
Maize,29.12,1909.21,8.61
Potato,12.7,1092.49,22.05
Cotton,14.27,472.51,5.56
Wheat,19.85,367.68,8.96
Sugarcane,18.82,881.43,76.94
Cotton,16.65,705.79,6.32
Maize,28.52,2105.66,11.54
Sugarcane,22.89,1458.4,73.91
Cotton,30.55,1650.25,7.46
Cotton,21.61,504.47,10.62
Potato,18.22,348.52,20.86
Cotton,26.51,1387.83,5.96
Maize,12.9,939.22,12.68
Maize,39.66,1854.92,9.65
Maize,29.67,1579.13,9.45
Wheat,13.66,2371.06,6.54
Rice,28.67,2396.35,10.44
Potato,12.23,1642.83,23.21
Rice,25.19,2567.03,8.34
Rice,18.73,2632.1,8.94
Rice,31.02,910.91,9.1
Maize,24.61,2743.74,13.19
Rice,33.58,2764.82,9.03
Maize,16.89,462.41,7.13
Potato,29.69,305.91,20.76
Sugarcane,30.64,446.5,71.23
Maize,24.33,1174.15,9.32
Wheat,35.75,2320.13,11.19
Rice,14.4,1561.41,8.99
Maize,32.75,1040.67,10.28
Sugarcane,13.96,437.51,74.54
Cotton,14.71,1289.61,6.3
Sugarcane,16.04,390.41,73.27
Rice,29.83,731.81,10.19
Wheat,29.17,2496.81,11.18
Maize,23.38,2204.06,11.28
Maize,19.43,2789.29,13.34
Cotton,28.38,2536.06,11.1
Wheat,14.33,2439.29,8.51
Maize,28.86,736.86,7.81
Maize,10.36,1920.81,10.09
Maize,14.33,1801.34,12.15
Cotton,31.24,2594.77,9.18
Rice,36.22,2252.55,8.52
Cotton,12.27,2236.84,7.32
Potato,29.16,1111.84,24.22
Cotton,11.86,611.04,4.45
Sugarcane,36.37,1222.64,72.32
Maize,21.75,821.08,10.05
Potato,32.24,2119.25,25.88
Rice,15.18,1448.29,11.45
Sugarcane,35.84,880.67,73.12
Maize,22.88,1944.96,10.05
Potato,16.27,472.74,23.35
Maize,27.17,2594.59,9.6
Cotton,18.64,1745.78,7.53
Wheat,18.61,1452.47,7.28
Sugarcane,13.44,922.76,77.64
Potato,16.42,1669.73,27.78
Cotton,33.94,1017.92,9.41
Potato,25.71,1286.32,24.68
Sugarcane,20.65,2521.36,76.68
Maize,37.88,785.36,10.06
Cotton,33.92,1170.08,9.2
Rice,19.31,1939.61,9.56
Potato,13.32,2111.94,24.26
Potato,15.53,587.29,22.43
Maize,30.26,2640.59,10.71
Potato,26.89,367.68,21.29
Sugarcane,39.42,467.24,74.16
Rice,10.4,2205.24,9.68
Sugarcane,36.3,2228.69,72.66
Maize,10.43,1965.22,13.47
Rice,22.74,1604.15,10.71
Potato,37.5,1021.59,23.08
Maize,29.75,2399.96,11.56
Maize,27.5,2046.89,9.65
Cotton,19.4,2720.13,7.02
Maize,38.98,1435.79,10.03
Wheat,15.05,1476.32,9.71
Rice,18.1,2278.47,11.8
Maize,23.59,2782.62,8.85
Wheat,13.79,2541.02,8.29
Rice,22.71,1043.7,12.3
Maize,11.18,2684.04,10.71
Cotton,37.72,794.92,6.92
Rice,19.66,1353.61,10.25
Maize,29.01,2517.35,12.1
Potato,36.12,1083.61,24.37
Rice,34.55,1180.58,10.3
Cotton,36.2,2786.91,7.61
Rice,31.61,1427.55,8.28
Potato,15.81,2668.63,27.15
Wheat,21,985.08,11.47
Sugarcane,25.36,1552.07,74.42
Cotton,20.11,1256.86,6.1
Rice,38.66,1710.44,7.13
Rice,34.21,2546.02,11.99
Wheat,33.97,2777.2,8.41
Rice,20.83,1552.67,9.49
Potato,32.65,737.58,23.6
Rice,28.42,426.19,7.13
Potato,21.26,698.81,24.71
Potato,19.25,2166.15,28.37
Wheat,33.67,1785.79,10.02
Maize,27.9,2171.97,12.3
Sugarcane,11.11,2684.93,74.08
Wheat,10.65,2067.06,8
Wheat,35.26,2243.87,6.98
Wheat,12.69,1367.86,8.19
Maize,25.58,1578.31,11.16
Sugarcane,28.26,2358.22,74.64
Sugarcane,37.48,1897.66,75.99
Rice,25.44,1638.75,7.74
Wheat,15.82,853,6.05
Maize,17.82,1807.08,8.44
Potato,11.47,1027.79,23.7
Maize,16.66,1775.56,10.12
Maize,34.45,1459.72,11.15
Wheat,32.71,554.31,10.33
Cotton,12.46,2442.86,6.85
Cotton,24.39,1753.29,8.96
Potato,19.05,2557.37,24.91
Wheat,29.5,2617.49,10.03
Potato,38.84,1593.95,25.54
Rice,28.92,1995.13,10.19
Potato,32.37,2538.46,26.61
Rice,21.94,2000.39,8.33
Potato,10.98,909.84,22.9
Rice,22.54,946.2,9.09
Maize,25.32,1347.21,8.36
Maize,24.78,394.19,8.34
Sugarcane,17.01,1227.45,74.41
Maize,24.25,658.9,6.89
Maize,31.54,2367.85,9.2
Maize,19.34,2255.55,10.36
Rice,29.02,737.8,7.53
Cotton,14.6,1011.68,4.57
Rice,18.34,1724.87,11.18
Sugarcane,36.52,923.44,73.85
Wheat,28.8,438.86,9.16
Wheat,12.58,2213.35,11.59
Sugarcane,17.94,527.81,74.86
Maize,39.82,1994.43,11.79
Rice,18.1,674.63,6.27
Potato,27.42,319.19,24.84
Cotton,26.51,1706.25,7.16
Sugarcane,22.07,1011.69,76.05
Potato,11.01,625.18,24.48
Rice,18.53,2012.43,9.75
Rice,38.6,1910.34,12.18
Potato,10.58,1328.46,25.93
Rice,31.47,521.49,6.89
Rice,36.78,1464.61,6.95
Rice,32.87,560.42,9.17
Potato,19.7,2785.85,25.3
Wheat,25.61,886.79,9.73
Maize,36.03,307.76,8.9
Sugarcane,39.26,850.07,74.35
Maize,12.91,1849.1,10.86
Maize,13.73,2741.12,11.66
Maize,38.67,1613.56,8.96
Potato,36.18,1412.68,23.74
Sugarcane,16.33,2780.64,75.25
Maize,39.1,712.42,6.97
Rice,16.27,794.44,11.4
Maize,12.66,1251.74,7.76
Cotton,30.46,2168.76,6.93
Potato,26.19,1056.29,23.42
Cotton,17.19,1474.79,6.97
Rice,37.85,2648.37,11.26
Cotton,22.13,2481.98,7.57
Cotton,22.09,2667.56,7.64
Wheat,28.95,717.04,10.26
Maize,16.92,1505.35,9.52
Rice,27.61,2082.77,10.01
Potato,20.92,2132.24,24.79
Wheat,30.85,1675.21,8.58
Rice,17.43,2351.89,9.08
Wheat,15.56,406.79,9.17
Potato,17.49,792.27,24.23
Rice,38.08,1119.87,7.2
Rice,35.48,2122.26,8.95
Cotton,34.87,2554.33,7.38
Sugarcane,33.42,1622.15,73.59
Cotton,29.11,2070.42,8.82
Wheat,12.95,1786.02,7.93
Maize,19.74,2611.23,11.88
Maize,26.86,2550.23,9.66
Wheat,13.17,2319.77,8.36
Cotton,10.9,998.96,5.19
Maize,12.8,1232.8,10.36
Cotton,13.24,1341.08,6.64
Sugarcane,13.29,310.85,72.08
Wheat,15.71,877.75,8.67
Cotton,24.97,2084.52,7.74
Rice,18.56,1660.98,10.63
Maize,35.8,2694.37,12.35
Rice,36.28,372.89,7.64
Maize,37.61,1245.72,8.9
Wheat,24.13,2068.18,8.49
Wheat,33.22,634.25,7.5
Cotton,27.73,1549.06,8.94
Wheat,14.33,339.63,6.97
Wheat,29.07,750.38,6.93
Wheat,35.11,2645.47,7.97
Potato,20.44,1798.33,27.36
Potato,32.4,2198.08,24.26
Potato,33.24,555.45,22.23
Rice,29.31,886.48,6.34
Rice,36.5,779.8,8.17
Wheat,14.34,986.9,11.38
Maize,35.3,945.79,8.12
Wheat,28.32,1708.82,7.35
Maize,35.67,2064.22,10.14
Potato,25.98,1671.09,26.33
Cotton,19.84,1047.63,3.44
Sugarcane,36.92,2037.04,73.72
Rice,36.32,1679.69,10.41
Rice,18.03,1896.35,10.41
Cotton,32.32,828.94,4.13
Potato,12.74,2699.09,26.16
Potato,12.58,1119.36,25.74
Cotton,25.34,1224.23,3.39
Maize,11.07,1651.27,12.57
Rice,23.01,424.23,8.83
Sugarcane,33.72,777.92,69.69
Wheat,36.68,2331.73,11.55
Potato,17.64,2284.69,27.82
Wheat,12.31,654.55,4.7
Sugarcane,28.92,1774.22,78.37
Wheat,17.94,465.65,7.74
Rice,10.7,486.55,7.92
Sugarcane,13.94,2299.01,74.01
Maize,38.15,1476.33,7.78
Cotton,36.25,2616.35,8.25
Maize,34.89,1495.31,10.94
Rice,20.18,2317.4,11.27
Cotton,31.44,1896.91,10.09
Cotton,38.71,1376.5,7.09
Rice,27.03,1687.18,7.16
Potato,19.99,2635.57,25.84
Wheat,33.98,489.64,5.86
Rice,22.91,1623.68,10.44
Potato,27.32,429.62,26.98
Maize,26.24,1688.6,8.49
Sugarcane,16.52,1817.33,74.38
Sugarcane,10.02,2318.74,77.24
Rice,39.97,2295.45,9.5
Wheat,22.5,325.23,6.92
Maize,18.51,477.98,11.3
Sugarcane,32.98,2011.34,76.41
Rice,27.78,757.17,10.97
Rice,36.41,1620.33,6.53
Wheat,33.43,879.3,10.15
Wheat,18.45,2386.48,8.75
Maize,27.77,2002.26,10
Wheat,25.08,1388.85,8.85
Potato,38.65,861.61,23.79
Potato,17.19,1948.41,24.46
Wheat,18.52,1178.21,8.86
Wheat,37.61,1772.78,8.25
Wheat,23.73,1970.26,9.71
Cotton,23.72,644.17,8.4
Maize,36.05,423.15,11.58
Wheat,18.88,1533.3,6.9
Cotton,30.91,695.75,6.64
Wheat,31.65,524.18,5.31
Rice,23.27,522.62,5.14
Potato,20.02,2055.25,26.16
Wheat,32.4,2563.17,10.86
Potato,17.68,2629.6,28.07
Potato,34.58,2639.78,26.68
Sugarcane,22.49,1977.49,74.66
Wheat,10.55,2614.66,10.21
Cotton,27.08,629.62,4.64
Maize,15.83,1803.77,10.83
Wheat,24,2199.99,10.05
Potato,34.25,2657.66,24.04
Maize,15.7,1120.9,9.06
Potato,16.24,1761.94,24.04
Sugarcane,24.22,1308.89,73.58
Rice,24.3,1645.67,11.53
Rice,23.61,1558.92,8.49
Cotton,30.83,2424.22,9.37
Sugarcane,18.07,2360.17,73.17
Wheat,17.82,1287.28,9.51
Potato,10.67,1002.52,25.43
Maize,21.45,2427.2,6.81
Sugarcane,15.87,2686.65,75.13
Rice,27.75,346.54,10.66
Cotton,15.44,1552.51,7.15
Cotton,36.84,2228.79,9.55
Potato,35.47,2764.93,24.24
Cotton,32.96,1626.3,8.41
Rice,34.26,2097.52,11.15
Maize,38.79,2633.37,10.99
Potato,19.59,1238.05,22.97
Maize,39.4,2512.05,12.87
Sugarcane,36.72,965.38,73.95
Maize,20.86,2113.65,10.18
Rice,35.92,2689.78,8.38
Sugarcane,36.92,1920.76,76.07
Maize,11.08,1240.52,8.48
Rice,36.28,494.85,10.11
Maize,23,801.68,7.04
Cotton,34.34,2123.14,10.05
Wheat,13.33,2774.19,9.52
Wheat,15.17,2424.38,10.15
Maize,39.36,2278.7,13.12
Potato,22.49,346.82,23.27
Wheat,33.95,2134.23,10.06
Sugarcane,32.51,2368.9,77.9
Cotton,33.58,1112.49,6.45
Cotton,32.94,2799.26,10.51
Potato,37.42,389.66,23.6
Wheat,27.78,1277.7,9.13
Wheat,22.76,831.58,6.09
Potato,37.76,2731.35,26.01
Rice,20.71,1980.19,8.59
Sugarcane,28.92,1341.81,73.79
Cotton,35.66,2731.52,9
Rice,37.48,453.75,7.19
Cotton,38.48,848.7,6.13
Rice,29.8,1356.4,8.2
Rice,31.61,610.71,10.59
Wheat,24.93,2792.36,10.08
Potato,18.55,1733.52,25.81
Cotton,10.49,705.35,6.19
Sugarcane,16.66,921.24,70.12
Rice,39.4,1290.55,7.48
Rice,34.19,2115.94,7.28
Rice,24.37,1060.27,6.62
Maize,20.31,1044.74,7.4
Potato,11.93,1864.73,23.37
Rice,10.3,414.53,6.88
Rice,32.65,2079.92,8.78
Sugarcane,39.57,1669.17,75.57
Rice,17.61,1384.98,8.79
Potato,18.24,1282.45,25.17
Rice,38.04,852.69,7.94
Cotton,28.06,900.74,5.17
Rice,15.21,1549.62,8.39
Rice,11.37,795.63,9.48
Potato,26.91,1719.23,23.37
Sugarcane,23.58,1924.24,76.65
Cotton,22.96,1444.62,9.05
Rice,39.08,567.43,6.16
Rice,17.89,2643.94,10.06
Wheat,24.64,2383.12,11.65
Rice,16.4,2683.84,10.24
Maize,19.65,1220.56,10.48
Maize,32.98,380.47,11.13
Cotton,15.92,1390.86,8.12
Cotton,30.29,1462.67,7.97
Rice,13.89,2066.31,9.82
Wheat,15.72,2136.76,8.78
Potato,10.69,1361.91,24.15
Wheat,28.91,2743.03,9.29
Cotton,39.71,580.65,6.53
Wheat,29.69,2556.1,8.92
Potato,37.7,2224.77,24.76
Potato,25.79,1632.94,25.28
Maize,30.41,2206.42,9.65
Wheat,37.77,2185.42,11.58
Cotton,12.59,716.81,10.08
Sugarcane,27.92,1631.18,76.18
Rice,27.27,1477.33,7.31
Sugarcane,10.99,1535.37,74.18
Maize,14.69,720.7,10.28
Potato,26.57,1262.47,24.87
Cotton,24.93,1596.98,7.18
Potato,20.31,2010.63,25.48
Potato,30.93,1357.91,24.7
Potato,20.81,1917.23,27.46
Sugarcane,33.07,1843.86,73.08
Maize,34.28,2332.43,10.19
Wheat,29.34,1337.19,6.25
Potato,18.37,2481.67,28.78
Wheat,34.08,365.71,9.33
Maize,17.55,2551.94,12.04
Wheat,19.09,2678.23,7.56
Sugarcane,28.26,1331.23,75.28
Cotton,30.67,2673.32,5.84
Wheat,21.14,2461.17,11.85
Wheat,27.74,442.6,4.14
Sugarcane,17.44,1928.54,74.45
Rice,33.84,2594.15,11.13
Potato,39.76,815.19,25.51
Rice,30.95,2601.59,11.53
Potato,19.58,817.32,23.93
Wheat,20.46,1878.19,8.65
Wheat,10.92,1251.52,9.74
Cotton,29.41,1670.21,5.43
Wheat,28,1003.64,10.69
Rice,38.64,1318.56,9.26
Wheat,22.06,1558.62,9.71
Maize,37.99,1554.73,8.4
Sugarcane,32.81,2785.3,78.81
Maize,18.64,2436.81,10.84
Potato,10.49,668.06,25.78
Wheat,31.8,2701.49,7.68
Rice,24.89,1720.39,10.1
Potato,38.86,1824.52,26.16
Maize,10.66,990.21,8.59
Potato,25.66,1057.51,26.86
Cotton,33.66,644.74,4.06
Rice,33.69,2374.02,10.44
Cotton,30.16,1508.42,5.36
Wheat,21.83,543.93,7.01
Rice,12.02,1410.76,10.33
Rice,19.05,1151.25,6.37
Maize,29.53,2025.11,11.62
Maize,33.13,766.45,8.22
Potato,34.52,2638.24,26.35
Sugarcane,33.22,2252.9,75.51
Maize,19.71,1278.78,10.51
Maize,30.82,770.38,10.8
Cotton,39.07,2218.77,10.02
Potato,14.1,596.44,23.44
Maize,31.94,518.43,9.58
Maize,22.3,1999.67,11.6
Cotton,16.75,800.72,8.05
Potato,19.6,1907.7,24.51
Wheat,14.99,1188.28,7.05
Cotton,34.46,539.66,3.91
Wheat,21.62,1861.19,9.77
Sugarcane,38.13,1915.99,73.35
Potato,38.99,1650.37,24.23
Sugarcane,38.97,1172.18,75.01
Cotton,14.67,2584.67,10.87
Potato,20.39,2000.59,26.63
Sugarcane,19.31,1685.94,78.51
Maize,37.68,1502.59,12.31
Cotton,12.59,2407.55,10.07
Wheat,27.66,2703.15,8.6
Cotton,24.56,1693.12,9.69
Rice,39.29,423.55,7.37
Sugarcane,38.9,1528.09,72.95
Sugarcane,22.72,1913.79,77.4
Sugarcane,23.24,2343.83,77.71
Potato,21.54,1076.29,24.91
Cotton,33.68,1991.24,6.1
Wheat,13.01,415.67,6
Sugarcane,13.48,1178.61,73.69
Cotton,31.14,1047.39,7.37
Cotton,10.5,513.99,6.09
Potato,30.13,2054.86,25.85
Potato,13.86,1221.16,26.3
Potato,33.59,844.72,23.87
Potato,32.19,667.81,25.9
Cotton,15.47,2559.23,9.31
Wheat,32.71,646.93,8.81
Wheat,33.71,2464.21,6.45
Wheat,37.77,1599.25,7.49
Sugarcane,31.73,377.85,73.26
Sugarcane,36.03,2695.6,74.31
Maize,29.12,1682.65,9.77
Maize,28.77,1094.04,12.5
Maize,30.26,970.57,11.57
Cotton,22.19,1093.06,5.54
Rice,16.86,837.13,6.51
Potato,22.4,913.77,25.43
Potato,27.8,1247.75,24.1
Potato,30.7,1601.61,24.46
Maize,23.7,2114.23,8.59
Wheat,19.9,1057.77,7.38
Sugarcane,17.41,638.02,76.69
Wheat,15.5,351.45,8.8
Potato,24.29,1230.29,25.27
Potato,31.19,2277.3,27.73
Potato,34.9,1122.15,24.7
Potato,20.36,842.9,22.44
Maize,28.33,2579.06,10.87
Wheat,24.33,1955.73,11.66
Wheat,38.99,2739.15,10.41
Potato,36.47,1702.09,25.26
Rice,36.47,1652.22,7.79
Cotton,27.38,2729.91,4.58
Potato,23.1,1826.66,25.2
Sugarcane,29.56,1586.83,75.54
Sugarcane,14.79,896.8,72.66
Rice,36.49,1257.34,9.12
Sugarcane,18.14,1705.19,74.97
Maize,34.81,1710.71,9.32
Cotton,18.96,1438.65,4.64
Wheat,25.66,2023.58,8.28
Sugarcane,33.17,692.29,73.73
Potato,21.81,2468.7,27.07
Potato,20.74,2143.46,25.1
Rice,36.64,2360.19,10.13
Sugarcane,12.07,388.42,73.61
Wheat,35.25,2255.43,9.97
Maize,37.85,2149.13,12.74
Sugarcane,26.89,350.71,70.36
Cotton,30.88,1427.09,6.78
Cotton,35.84,1061.82,5.04
Rice,23.07,939.13,9.56
Cotton,36.36,692.58,8.47
Potato,21.17,933.35,23.75
Wheat,19.19,2205.31,9.06
Sugarcane,39.5,2569.55,75.22
Potato,10.93,1177.72,27.71
Sugarcane,19.59,1013.48,76.99
Rice,23.76,1032.92,9.32
Wheat,19.33,1635.78,8.83
Wheat,18.46,414.05,9.73
Potato,21.12,1736.59,24.27
Cotton,21.94,2600.41,7.47
Rice,12.15,1531.14,9.31
Cotton,33.26,1296.2,8.85
Maize,15.05,399.29,8.53
Wheat,11.23,1669.27,9.3
Sugarcane,27.71,640.99,75.92
Wheat,30.06,1453.95,8.1
Rice,32.81,1072.34,10.24
Sugarcane,12.63,952.11,74.61
Rice,15.15,2693.81,11.34
Wheat,15.47,2269.23,10.05
Wheat,27.81,598.81,6.78
Sugarcane,36.69,1090.63,73.39
Cotton,31.19,2058.4,8.6
Cotton,19.44,2358.9,9.76
Maize,35.59,1616.27,12.87
Cotton,30.09,2550.75,9.73
Rice,30.65,1203.95,10.17
Potato,38.72,490.32,23.74
Sugarcane,38.51,2653.79,75.47
Cotton,21.57,1334.38,7.37
Wheat,29.08,357.7,5.44
Maize,16.06,2098,11.06
Cotton,22.36,929.45,4.14
Potato,18.2,527.54,26.35
Wheat,21.02,2410.16,9.19
Maize,30.26,906.43,5.89
Potato,16.31,1658.43,21.9
Wheat,15.41,1830.66,8.53
Rice,21.38,2662.53,8.8
Cotton,12.94,1291.22,7.2
Cotton,34.42,1553.52,8.55
Potato,38.75,1054.22,24.99
Maize,34.04,1466.04,11.92
Rice,25.94,317.67,9.06
Wheat,30.22,2446.74,10.39
Cotton,34.17,464.88,4.38
Rice,12.05,915.22,7.07
Sugarcane,22.54,2097.76,75.26
Potato,14.31,1903.87,22.28
Maize,12.72,2179.39,12.92
Wheat,32.77,1563.11,8
Potato,35.74,2621.49,23.03
Sugarcane,12.51,2662.49,75.23
Potato,15.36,2194.78,23.78
Maize,16.62,1104.26,9.16
Sugarcane,35.71,402.89,73.15
Sugarcane,37.41,1673.33,74.3
Rice,32.95,322.65,11.13
Cotton,33.89,2323.48,7.73
Wheat,20.28,1770.11,8.82
Cotton,22.25,1847.31,7.83
Rice,18.41,451.07,10.85
Cotton,38.75,1764.63,5.61
Maize,31.83,749.34,7.83
Rice,20.24,1306.56,9.3
Maize,14.07,1097.93,9.5
Potato,15.84,915.73,23.63
Rice,16.12,1417.68,13.03
Maize,28.44,2204.83,11.71
Maize,37.09,883.05,12.18
Wheat,36.06,1576.2,9.05
Sugarcane,12.09,1191.63,74.89
Rice,31.27,1935.43,9.01
Wheat,15.03,1717.64,10.29
Wheat,19.31,1925.15,7.19
Sugarcane,26.31,2755.72,77.55
Maize,35.23,1567.47,13.52
Sugarcane,17.1,556.94,76.52
Potato,36.21,412.05,23.72
Rice,32.04,425.94,9.34
Wheat,30.23,1180.44,10.12
Potato,13.99,2111.56,28.35
Maize,24.23,2400.27,12.07
Rice,18.25,1785.12,6.98
Rice,27.64,1499.96,8.73
Sugarcane,30.21,2416.59,72.51
Potato,11.96,441.81,25.42
Maize,29.33,1108.97,7.98
Rice,24.94,443.42,7.51
Potato,35.16,2627.76,22.46
Sugarcane,33.8,522.98,74.34
Potato,22.39,2698.88,28.31
Rice,39.29,2127.05,7.94
Rice,27.61,1536.35,9.33
Potato,38.91,1081.51,23.26
Rice,31.58,1642.7,8.83
Maize,22.23,1906.73,10.88
Maize,17.01,1503.26,11.22
Maize,23.96,2593.75,11.85
Maize,38.08,648.24,7.87
Maize,13.91,621,8.49
Cotton,23.81,2248.8,5.71
Wheat,20.41,1701.8,8.08
Cotton,36.02,1315.22,6.06
Potato,34.12,2351.13,24.2
Rice,26.56,2647.66,9.96
Wheat,22.45,1611.79,9.6
Wheat,30.53,1721.53,9.97
Rice,38.59,437.5,6.25
Rice,13.03,1546.12,7.82
Wheat,36.96,349.3,7.62
Potato,18.83,1314.75,23.06
Wheat,10.13,2715.92,10.36
Rice,32.23,2206.4,11.9
Sugarcane,33.65,2136.03,76.12
Rice,19.14,2262.15,9.38
Maize,33.35,2424.2,11.28
Potato,33.94,406.76,25.1
Sugarcane,30.26,2498.74,75.77
Cotton,11.16,2236.54,5.55
Potato,30.02,2009.79,26.43
Maize,37.97,1314.33,10.08
Maize,28.61,1051.35,9.32
Cotton,21.01,779.86,8.07
Sugarcane,26.9,1154.02,71.87
Wheat,39.79,2495.7,10.06
Cotton,24.18,441.15,6.24
Rice,35.25,2115.45,9.42
Wheat,14.16,512.88,7.28
Potato,11.69,592.04,23.82
Maize,21.7,799.35,8.1
Rice,14.13,1984.63,8.66
Sugarcane,19.92,2428.53,75.35
Rice,31.46,654.44,6.38
Sugarcane,23.36,884.7,73.56
Maize,19.64,1886.65,12.26
Maize,36.75,1440.42,10
Sugarcane,10.28,1883.69,76.01
Wheat,34.42,695.78,7.1
Sugarcane,28.64,1449,75.5
Wheat,11.39,1151.15,5.76
Potato,11.02,1391.79,26.3
Rice,15.16,1040.9,8.68
Wheat,39.32,658.12,9.45
Sugarcane,12.57,1966.96,76.3
Cotton,32.17,1972.55,4.35
Wheat,22.05,960.96,8.35
Wheat,17.1,1742.91,8.6
Sugarcane,27.25,2704.24,75.58
Potato,21.05,1642.82,25.19
Potato,19.31,1084.99,26.46
Cotton,17.19,1071.39,5.86
Potato,23.73,2378.12,26.41
Maize,15.09,1521.18,11.13
Rice,35.56,958.18,7.44
Sugarcane,27.75,1877.22,76.45
Rice,11.89,2461.89,11.7
Cotton,23.71,2118.66,6.72
Potato,28.89,515.86,22.49
Potato,35.85,1154.15,25.15
Maize,10.7,2331.78,9.7
Wheat,23.69,1345.64,8.83
Potato,31.18,2796.57,24.23
Maize,15.88,1154.85,8.83
Wheat,16.64,2568.74,9.87
Wheat,24.69,1448.62,7.66
Wheat,36.53,2640,11.29
Cotton,21.95,1353.26,5.56
Rice,24.53,1471.14,9.22
Potato,29.07,1652.01,22.56
Maize,19.32,399.48,8.25
Potato,36.01,510.13,24
Sugarcane,38.86,2436.45,77.97
Wheat,29.51,962.88,6.73
Cotton,29.15,1868.16,8.19
Sugarcane,30.21,950,75.12
Wheat,15.82,1180.21,6.91
Cotton,31.97,1810.79,9.34
Maize,20.41,1146.57,9.89
Rice,39.8,2114.53,11.63
Rice,32.57,1591.36,10.52
Wheat,27.51,2191.87,9.01
Wheat,37.37,834.85,7.08
Maize,39.1,1912.42,12.76
Sugarcane,34.54,1083.36,74.13
Sugarcane,32.7,1182.85,75.23
Maize,11.82,766.49,10.02
Sugarcane,31.18,621.31,74.7
Maize,20.07,2503.42,10.5
Rice,37.9,2665.69,10.35
Wheat,28.35,1283.9,10.61
Sugarcane,21.12,2208.82,73.51
Wheat,20.17,2308.77,8.93
Cotton,26.64,654.63,6.77
Maize,24.74,2647.71,13
Sugarcane,21.73,2320.53,72.52
Maize,16.25,2274.04,9.7
Cotton,33.89,2611.23,8.08
Potato,23,1182.21,23.96
Maize,12.97,2516.72,12.78
Maize,12.56,2795,11.07
Maize,17.14,878.36,7.41
Cotton,26.57,603.59,7.76
Sugarcane,14.44,572,75.13
Cotton,16.45,1243.71,7.65
Wheat,25.05,2321.92,8.54
Cotton,16.53,2177.07,10.25
Potato,35.74,793.31,24.75
Wheat,27.7,1636.82,9.59
Wheat,12.57,1203.84,6.66
Cotton,14.2,2379.59,4.47
Rice,15.86,2310.43,10.57
Cotton,28.9,2325.34,7.22
Sugarcane,13.17,1613.16,77.16
Maize,11.3,2318.66,8.76
Wheat,31.85,2133.4,9.61
Potato,24.34,1611.9,23.78
Rice,35.46,2231.89,10.31
Rice,33.79,1242.15,9.76
Potato,18.21,2249.52,24.96
Potato,15.77,1858.43,24.85
Maize,25.49,2454.7,11.14
Sugarcane,12.4,2530.83,76.51
Rice,28.99,1271.83,9.98
Potato,10.37,1019.63,26.54
Rice,34.09,1000.21,5.27
Wheat,36.72,1115.29,5.91
Potato,39.89,426.76,20.84
Maize,20.32,2628.08,10.57
Sugarcane,26.86,609.95,74.9
Rice,35.89,2494.88,11.84
Maize,23.86,1518.92,10.76
Cotton,19.88,2550.88,8.89
Cotton,11.46,2631.48,7.99
Potato,21.82,2353.02,26.16
Potato,12.37,1317.41,29.17
Sugarcane,20.89,1331.17,73
Sugarcane,20.29,2716.07,75.68
Potato,29.42,1141.88,25.35
Maize,20.98,1327.91,10.8
Wheat,21.53,1027.13,9.61
Sugarcane,18.59,1584.31,76.1
Wheat,28.24,1826.08,10.47
Cotton,21.68,1957.61,8.65
Wheat,38.46,696.22,9.32
Sugarcane,36.76,1166.47,74.28
Rice,17.11,2789.92,10.72
Rice,22.12,478.94,6.52
Cotton,29.04,1230.55,5.26
Wheat,10.49,829.53,7.55
Wheat,16.82,1004.18,7.62
Potato,18.55,1468.08,22.75
Potato,22.07,2766.44,27.28
Cotton,36.68,2330.97,9.78
Wheat,12.89,901.75,8.8
Potato,11.97,643.61,24.39
Sugarcane,29.93,1815.49,72.19
Maize,20.93,2490.82,11.87
Wheat,15.33,800.66,7.86
Rice,31.05,787.94,9.92
Sugarcane,17.29,2010.26,75.8
Sugarcane,26.97,1043,74.09
Maize,22.26,403.72,8.75
Rice,20.84,1056.17,8.78
Cotton,31.63,826.69,8.03
Cotton,28.4,1119.1,6.67
Potato,25.42,2336.19,25.26
Rice,13.84,1983.29,11.38
Maize,27.57,999.35,8.36
Maize,30.78,1321.63,12.92
Wheat,34.44,834.79,6.75
Rice,18.98,1684.06,11.21
Cotton,17.93,865.63,5.5
Wheat,32.46,2618.15,12.36
Sugarcane,24.02,974.48,72.41
Maize,22.18,2080.06,10.68
Rice,14.82,1284.89,8.66
Cotton,23.02,2533.94,8.24
Cotton,31.78,1088.6,7.63
Potato,23.52,339.79,22.47
Potato,36.18,565.27,21.85
Potato,10.13,469.67,23.57
Rice,15.4,1075.02,10.8
Cotton,28.44,1981.02,7.53
Cotton,30.16,1590.32,8.88
Potato,18.27,922.54,23.32
Potato,38.26,2796.91,26.36
Sugarcane,19.92,464.25,74.69
Potato,22.34,1858.03,26.03
Rice,39.29,2304.08,11.24
Potato,24.38,2695.04,28.29
Sugarcane,28.39,1186.06,75.08
Potato,26.21,1725.45,24.59
Maize,15.33,929.19,7.71
Rice,39.75,384.11,8.7
Cotton,11.77,1594.24,6.26
Wheat,39.5,1776.65,4.74
Cotton,24.04,988.14,5.29
Cotton,15.69,880.83,8.1
Rice,15.01,1002.36,7.66
Cotton,29.67,1610.83,5.36
Wheat,31.32,2001.19,9.42
Rice,36.96,2101.65,10.94
Wheat,17.1,992.72,9.48
Cotton,23,2440.66,9.62
Maize,39.14,1513.17,8.18
Rice,22.84,1670.33,10.7
Maize,23.79,870.8,10.82
Wheat,18.66,1257.93,9.5
Maize,36.13,429.09,8.54
Maize,20.97,1743.17,10.33
Sugarcane,29.07,2172.18,75.99
Sugarcane,15.48,1658.79,74.61
Potato,28.47,1116.35,25.74
Maize,38.02,2386.87,13.94
Maize,33.3,444.09,9.5
Sugarcane,12.03,921.84,74.71
Rice,29.02,425.08,6.2
Potato,26.76,1282.52,23.87
Cotton,20.16,925.88,5.93
Maize,35.28,2006.46,9.24
Rice,33.75,496.4,8.47
Cotton,29.46,384.18,6.62
Maize,32.33,1682.31,10.9
Maize,15.79,2166.54,9.63
Wheat,37.61,1470.88,5.86
Cotton,30.04,1003.17,8.19
Sugarcane,24.03,1546.4,76.72
Rice,15.79,1145.74,8.67
Cotton,30.48,1040.62,8.62
Rice,12.9,1417.9,10.45
Sugarcane,19.59,1835.12,75.58
Wheat,27.21,1746.64,9.71
Wheat,29.38,570.57,5.14
Cotton,10.52,845.67,6.17
Wheat,10.26,317.62,7.96
Wheat,13.34,1395.39,7.66
Rice,33.05,2225.32,11.05
Maize,27.01,1335.63,10.48
Rice,28.25,2798.33,9.62
Sugarcane,28.1,2175.84,73.62
Cotton,11.1,1237.29,6.78
Cotton,15.17,2733.02,11.71
Wheat,31.84,1901.7,9.92
Maize,29.37,2598.53,12.09
Maize,23.36,518.36,8.57
Wheat,10.61,1693.98,6.35
Rice,22.51,2571.12,9.9
Sugarcane,17.44,1926.99,75.11
Wheat,30.92,2770.53,8.98
Maize,34.74,2789.38,14.01
Maize,25.11,2280.09,8.42
Wheat,22.11,996.91,8.17
Sugarcane,18.19,2433.9,77.48
Potato,12.78,2058.76,23.85
Maize,21.15,565.85,11.56
Maize,30.34,1269.19,13.41
Wheat,29.98,2486.28,8.87
Rice,22.38,2069.41,11.88
Wheat,38.98,1368.4,6.69
Wheat,38.2,1832.51,9.64
Rice,36.27,2641.95,11.59
Cotton,23.07,1794.05,6.84
Rice,32.4,869.18,10.01
Potato,37.87,1973.41,25.68
Rice,32.13,965.48,13.38
Potato,19.47,1847.54,24.25
Sugarcane,12.04,1911.42,76.75
Cotton,38.74,1203.84,6.38
Rice,39.77,2151.69,9.6
Wheat,30.81,1032.27,9.25
Sugarcane,19.46,336.81,75.23
Sugarcane,35.95,1176.63,75.4
Cotton,38.6,2455.75,7.81
Sugarcane,25.19,1742.15,74.98
Rice,19.35,2423.43,11.75
Sugarcane,22.19,621.5,75.47
Potato,12.22,782.47,23.36
Sugarcane,26.97,711.55,75.44
Sugarcane,21.37,2262.82,75.23
Wheat,36.54,1830.48,9.07
Potato,18.27,1141.01,24.74
Potato,10.25,2251.62,25.66
Cotton,32.11,1388.47,6.13
Rice,10.22,1839.01,11.84
Potato,26.38,2436.77,24.5
Sugarcane,15.44,1363.12,74.12
Maize,28.31,2180.71,11.1
Rice,15.94,1714.1,10.58
Potato,25.06,2569.2,26.39
Wheat,20.05,1438.66,8.62
Potato,15.48,1046.63,24.13
Potato,28.19,973.48,23.48
Cotton,12.47,777.05,5.16
Wheat,38.23,1191.37,10.61
Wheat,33.34,1385.73,9.44
Potato,37.48,638.87,27.02
Cotton,11.27,2139.36,7.18
Rice,10.06,2644.75,9.33
Wheat,20.74,1329.68,9.63
Sugarcane,28.5,2613,75.55
Wheat,17.33,1355,7.26
Rice,26.48,850.57,7.93
Maize,28.18,2447.77,11.83
Maize,14.55,2553.86,9.82
Cotton,33.07,1896.75,6.37
Cotton,38.09,2606.37,6.35
Potato,29.2,1171.76,24.6
Wheat,38.44,1096.82,9.04
Maize,17.38,2437.2,9.59
Cotton,11.1,1002.09,6.68
Maize,17.42,2465.56,13.61
Rice,29.44,895.85,7.66
Potato,27.93,2037.34,25.28
Sugarcane,18.02,2345.96,76.41
Maize,22.24,2470.24,13.41
Cotton,21.03,2712.79,7.88
Maize,38.51,1050.99,6.68
Cotton,19.43,1660.43,6.87
Potato,15.79,2691.21,27.86
Cotton,26.97,325.73,7.36
Rice,13.74,1838.24,9.41
Potato,25.24,673.88,24.47
Cotton,30.61,1400.61,6.77
Cotton,38.3,510.14,6.53
Rice,36.77,1141.02,9.54
Sugarcane,35.24,2029.08,76.42
Potato,21.82,2329.15,26.42
Rice,36.82,1703.21,8.88
Maize,31.5,1390.52,8.45
Wheat,23.25,1156.35,8.04
Potato,26.92,2567.23,24.54
Sugarcane,23.08,793.89,74.4
Rice,15.9,2010.32,11.64
Maize,23.55,651.99,8.13
Wheat,34.22,2549.12,8.61
Cotton,18,1013.42,7.2
Sugarcane,29.21,1228.28,72.71
Sugarcane,26.6,757.9,73.5
Potato,37.6,2635.27,28.96
Cotton,32.39,2519.29,10.19
Wheat,20.84,1483.16,7.01
Potato,26.85,375.32,22.93
Cotton,37.34,2561.34,7.11
Wheat,16.79,2706.55,11.73
Sugarcane,24.23,474.96,76.16
Potato,16.65,1821.8,25.52
Wheat,22.55,2689.57,9.6
Rice,11.75,2041.25,11.11
Potato,36.28,1590.5,24.98
Sugarcane,39.35,1155.14,78.64
Wheat,27.03,2150.1,7.94
Maize,26.62,2769.18,12.45
Wheat,38.67,1898.07,10.14
Wheat,21.8,1561.87,8.85
Potato,28.63,719.69,26.89
Potato,35.12,2453.08,25.24
Sugarcane,25.17,1259.5,72.61
Wheat,16.64,2223.45,11.78
Cotton,34.38,1169.47,7.68
Maize,18.13,602.11,12.7
Cotton,35.31,1971.73,8.93
Potato,38.34,1664.21,23.38
Cotton,26.38,676.94,7.19
Cotton,11.48,2373.76,6.57
Sugarcane,38.67,1056.38,73.18
Rice,34.94,1407.18,9.09
Maize,13.52,1541.79,10.04
Rice,28.88,915.94,9.77
Rice,19.47,1555.13,11.64
Sugarcane,19.91,469.44,75.8
Wheat,27.41,767.48,10.64
Wheat,31.36,989.25,9.02
Sugarcane,10.34,1198.3,74.23
Potato,14.58,922.12,24.2
Sugarcane,37.08,1476.89,75.89
Potato,24.85,1947.95,27.44
Potato,24.76,1163.15,24.49
Potato,35.21,393.52,21.22
Maize,13.88,1884.37,8.82
Cotton,31.41,2499.52,8.18
Rice,25.19,611.38,6.46
Wheat,32.25,762.75,5.41
Potato,30.38,374.03,23.25
Potato,29.99,846.26,23.64
Sugarcane,35.68,1039.2,74.68
Sugarcane,26.52,1439.92,73.17
Cotton,22.24,2049.08,7.06
Sugarcane,15.95,1382.23,73.85
Rice,20.32,1212.15,6.83
Wheat,36.1,2009.38,8.89
Potato,20.12,1912.35,24.21
Potato,39.56,1359.91,25.04
Cotton,28.24,1146.6,4.09
Potato,34.45,1249.66,26.03
Cotton,24.8,1311.93,8.79
Maize,29.64,524.39,9.44
Cotton,39.69,754.47,8.04
Wheat,25.01,1941.13,9.24
Rice,17.9,2628.26,11.25
Sugarcane,29.5,511.1,72.58
Rice,37.59,602.39,8.58
Rice,10.52,546.55,8.91
Wheat,39.78,938.26,8.38
Maize,26.34,2281.44,10.89
Potato,33.98,2389.74,27.13
Cotton,13.55,2529.51,10.68
Maize,18.75,2260.02,12.02
Maize,39.31,1447.14,9.73
Maize,18.64,1720.96,10.92
Sugarcane,22.37,2012.08,74.07
Rice,18.42,919.15,7.56
Rice,24.05,1662.8,11.08
Maize,14.77,1586.84,9.89
Maize,25.27,2216.89,10.85
Cotton,18.95,885.56,8.84
Sugarcane,34.45,2600.33,76.38
Cotton,21.69,1267.16,5.7
Sugarcane,33.78,1535.24,73.23
Potato,29.25,1137.61,25.73
Maize,37.45,588.86,10.03
Sugarcane,34.32,743.97,75.53
Rice,37.03,2775.65,10.41
Wheat,25.77,1174.52,9.63
Rice,37.4,588.82,9.23
Maize,14.64,1413.1,10.34
Rice,12.53,643.14,7.95
Sugarcane,25.78,1837.24,72.69
Sugarcane,34.78,360.3,76.51
Maize,16.37,1701.27,10.46
Cotton,39.06,2016.88,6.35
Sugarcane,15.56,501.8,74.03
Potato,31.26,669.8,26.71
Rice,37.45,2236.53,9.2
Maize,38.96,1352.37,9.27
Potato,29.84,530.57,20.61
Potato,27.23,2455.97,26.01
Rice,12.73,2142.33,12.58
Wheat,10.59,767.67,7.15
Potato,39.57,1168.06,24.47
Maize,18.23,1719.89,10.1
Rice,12.17,353.97,6.1
Cotton,26.15,1524.57,8.52
Potato,19.38,1151.49,23.57
Cotton,20.73,2614.6,8.84
Rice,20.61,864.69,7.28
Sugarcane,17.46,1296.29,73.38
Sugarcane,39.03,705.7,76.26
Rice,17.96,620.85,7.45
Sugarcane,26.71,999.5,72.95
Potato,17.16,2340.67,24.5
Sugarcane,32.86,1244.13,74.54
Sugarcane,16.87,766.25,73.42
Maize,28.44,342.29,8.26
Sugarcane,35.02,1670.6,74.11
Potato,18.15,1537.62,23.19
Sugarcane,34.1,826.55,74.62
Rice,12.77,1208.2,10.08
Potato,13.49,1020.97,22.41
Maize,22.02,2079.32,11.22
Wheat,22.21,1219.12,10.09
Maize,25.49,1474.26,11.36
Sugarcane,10.71,2773.44,73.65
Wheat,13.51,2538.25,7.1
Rice,10.31,1945.22,9.94
Sugarcane,38.64,1506.58,76.23
Sugarcane,19.4,1180.38,76.25
Rice,30.64,2657.91,12.4
Maize,28.25,2581.49,11.59
Maize,31.74,712.63,8.07
Cotton,36.49,930.31,8.31
Cotton,16.99,1276.24,6.86
Sugarcane,22.77,1443.28,74.18
Potato,19.85,1655.52,25.97
Wheat,12.47,396.6,7.47
Wheat,10.96,470.27,8.47
Potato,32.94,1473.63,26.12
Maize,13.88,2595.49,11.8
Rice,10.46,2156,10.68
Wheat,23.15,1657.57,9.42
Cotton,19.67,371.21,5.36
Cotton,11.98,470.7,6.39
Sugarcane,11.55,1874.96,76.23
Potato,37.39,779.32,24.34
Wheat,38.19,1739.73,10.42
Wheat,24.47,1433.89,6.91
Maize,35.45,761.39,10.59
Cotton,34,1463.76,8.08
Rice,27.38,2516.95,8.98
Maize,32.52,861.73,8.23
Cotton,37.92,2692.23,6.02
Potato,26.99,873.09,24.3
Cotton,25.35,1441.36,7.61
Rice,10.11,2107.4,9.66
Rice,26.26,2236.2,9.21
Wheat,34.53,1075.62,8.69
Sugarcane,32.86,341.21,72.8
Rice,29.37,1864.69,9.96
Wheat,10.74,1105.61,8.26
Sugarcane,37.76,1602.97,74.13
Rice,22.87,461.67,7.46
Cotton,27.15,1277.81,7.08
Rice,21.93,1877.86,8.54
Potato,20.47,508.05,23.09
Wheat,25.32,1482.86,9.12
Potato,24.84,1392.48,25.86
Sugarcane,20.69,1080.13,75.69
Cotton,34.12,2764.15,6.72
Cotton,11.52,2735.77,10.49
Sugarcane,13.51,1524.09,73.21
Cotton,12.48,771.09,7.91
Potato,26.95,1465.35,24.16
Cotton,22.38,2419.68,6.78
Wheat,23.56,1161.91,9.35
Wheat,27.3,1152.74,8.03
Potato,19.72,2322.36,25.17
Maize,15.49,1870.19,11.4
Cotton,19.2,1313.25,5.96
Rice,39.82,1596.63,10.41
Maize,38.58,1786.4,9.54
Sugarcane,38.7,703,75.54
Maize,10.83,1492.9,10.84
Sugarcane,12.68,1607.82,72.89
Sugarcane,11.37,2788.38,74.88
Wheat,34.46,931.57,10.25
Wheat,39.74,919.73,7.5
Wheat,26.29,2202.14,8.03
Wheat,31.02,1137.77,7.29
Maize,20.57,440.54,8.6
Cotton,32.96,2694.86,8.31
Wheat,29.68,403.95,8.73
Cotton,34.03,2598.38,8.5
Maize,25,2331.88,9.04
Maize,15.82,1826.94,11.22
Potato,24.27,2503.95,24.23
Maize,19.36,789.44,10.13
Maize,30.82,768.53,10.65
Potato,14.11,1409.5,23.66
Rice,19.96,2791.26,11.36
Sugarcane,10.2,323.01,73.97
Rice,34.47,655.24,7.47
Potato,22.2,2097.23,26.07
Rice,33.29,945.82,10.18
Sugarcane,12.93,1686.06,76.18
Maize,15.81,2085.58,12.99
Wheat,35.51,2401.3,11.39
Potato,27.86,1691.93,25.7
Sugarcane,10.18,552.29,73.24
Potato,37.15,2034.65,24.19
Maize,39.5,1552.65,10.82
Wheat,29.84,2035.26,8.5
Potato,31.83,442.93,23.67
Sugarcane,14.01,308.88,73.87
Cotton,32.99,2567.62,9.86
Potato,12.97,1721.06,27.58
Rice,36.69,746.68,8.07
Wheat,25.14,2061.47,11.6
Potato,14.24,2068.39,23.84
Wheat,12.66,2587.08,11.83
Sugarcane,23.2,2217.38,75.24
Potato,10.16,2396.78,25.43
Potato,38.84,2388.45,26.85
Potato,15.12,1034.18,25.62
Sugarcane,22.59,1604.67,74.55
Sugarcane,28.2,388.36,74.79
Wheat,30.24,406.9,6.48
Cotton,26.94,2503.05,10.55
Wheat,15.36,427.7,7.36
Sugarcane,24.15,1672.28,76.04
Potato,19.68,2621.62,25.9
Wheat,12.68,813.69,5.72
Cotton,21.63,1406.73,10.68
Rice,28.26,1919.08,12.33
Wheat,13.06,1704.59,9.9
Cotton,14.95,1209.07,7.25
Sugarcane,12.59,2269.08,76.06
Sugarcane,10.03,1323.58,76.91
Potato,38.09,1265.23,22.72
Rice,35.15,353.98,7.77
Potato,16.95,2461.42,26.59
Rice,27.33,2798.49,12.65
Cotton,34.05,2158.21,10.1
Sugarcane,21,2727.47,78.2
Maize,32.17,1538.75,13.16
Potato,36.06,1754.05,23.95
Rice,24.96,2511.58,11.07
Potato,36.64,1609.92,23.44
Sugarcane,16.3,478.7,73.2
Potato,37.04,2146.02,25.88
Potato,34.16,647.51,22.9
Maize,35.2,1157.48,9.93
Sugarcane,10.13,2411.14,76.86
Cotton,29.91,994.12,6.57
Sugarcane,22.02,2636.33,74.43
Wheat,28.14,2338.05,8.49
Maize,12.51,2720.42,9.5
Potato,17.09,562.13,23.69
Maize,20.54,1036.75,8.51
Potato,31.55,2277.95,24.53
Sugarcane,26.59,1983.61,78.24
Sugarcane,10.44,2209.69,74.71
Potato,20.04,2481.08,25.92
Maize,38.2,980.62,13.12
Sugarcane,15.4,2730.94,74.02
Maize,17.1,2198.7,9.19
Potato,19.22,2669.59,26.94
Maize,18.04,572.32,8.21
Cotton,13.65,1694.7,7.6
Maize,19.38,2340.99,11.17
Sugarcane,26.18,523.09,72.43
Sugarcane,30.26,1513.54,75.46
Sugarcane,29.29,2294.22,75.18
Sugarcane,14.88,423.5,75.12
Maize,28.44,2093.9,11.04
Potato,20.75,2721.08,28.53
Maize,34.66,440.41,8.93
Wheat,20.87,2594.83,6.39
Wheat,39.3,1347.96,9.02
Rice,28.44,360.53,9.65
Wheat,22.87,1170.32,9.61
Sugarcane,25.09,1060.1,73.86
Rice,15.28,922.39,7.6
Wheat,30.4,2371.7,9.28
Sugarcane,38.89,1430.9,75.14
Rice,25.45,1070.29,10.85
Wheat,39.77,1075.27,9.65
Sugarcane,14.51,2780.27,75.88
Cotton,29.13,1847.05,5.42
Cotton,30.34,403.99,5.79
Maize,19.35,2519.8,10.88
Maize,20.55,2116.71,9
Rice,38.36,829.31,6.65
Sugarcane,28.36,583.91,75.03
Maize,33.45,1242.92,10.92
Potato,31.78,819.88,22.62
Wheat,28.33,2054.57,9.93
Potato,11.44,735.77,23.63
Rice,29.88,1609.36,6.99
Maize,20.35,1892.74,9.15
Sugarcane,24.07,1972.63,75.29
Potato,35.54,2214.37,24.91
Wheat,39.06,1557.29,6.06
Potato,30.83,827.75,23.5
Wheat,16.96,1148.76,8.89
Wheat,19.53,1249.25,9.62
Sugarcane,14.14,2018.55,72.72
Cotton,27.42,1864.6,6.01
Wheat,37.9,1537.56,6.8
Cotton,34.33,1483.43,6.62
Potato,26.31,450.4,24.24
Rice,38.24,2024.13,8.24
Wheat,36.9,2310.32,11.29
Sugarcane,20.83,2521.4,76.32
Potato,26.49,351.08,21.38
Sugarcane,18.88,2487.03,77.71
Wheat,10.26,2490.06,8.98
Maize,23.54,1957.78,9.64
Maize,32.5,996.35,12.03
Cotton,29.03,2531.21,9.32
Wheat,37.8,1168.76,7.94
Cotton,30.57,1752.59,8.01
Potato,14.24,1402.38,26.17
Wheat,18,2514.87,9.53
Cotton,13.76,945.16,7.58
Rice,33.84,1127.87,10.55
Potato,38.52,1319.77,23.58
Sugarcane,16.79,2436.96,76.58
Maize,32.97,1095.48,7.75
Maize,23.11,1021.59,11.33
Rice,20.66,2290.18,10.84
Sugarcane,39.61,1269.19,74.58
Maize,20.38,1962.28,11.46
Rice,29.83,2488.98,11.08
Maize,31.38,863.91,7.24
Potato,33.19,1460.85,27.79
Maize,35.86,1517.4,10.64
Wheat,26.99,1720.7,9.57
Rice,28.13,2596.18,12.09
Potato,31.33,2751.51,25.49
Potato,14.47,2302.83,24.41
Sugarcane,16,374.8,75.93
Sugarcane,32.93,592.61,74.58
Maize,14.05,594.16,8.05
Wheat,30.65,1629.03,8.65
Rice,10.97,407.86,7.91
Sugarcane,20.13,1579.27,74.74
Cotton,29.87,2179.56,5.75
Cotton,31.2,1054.82,4.72
Rice,28.9,1473.55,6.02
Wheat,23.25,541.45,7.9
Cotton,17.64,472.19,5.01
Cotton,28.4,1634.47,6.06
Maize,15.55,330.39,11.28
Cotton,11.81,2058.61,9.81
Maize,10.59,654.8,8.7
Wheat,18.03,2535.71,6.83
Rice,10.9,2425.67,7.51
Cotton,17.48,866.49,8.44
Cotton,18.68,887.64,4.04
Cotton,20.35,391.82,7.99
Rice,31.4,2758.97,10.07
Potato,23.24,438.23,24.08
Rice,39.56,1499.08,8.73
Cotton,38.42,2423.07,7.63
Maize,39.45,700.55,9.24
Sugarcane,22.37,2227.67,75.27
Rice,11.33,721.98,9.06
Sugarcane,35.81,1061.55,75.72
Sugarcane,23.05,939.04,74.84
Maize,29.23,417.66,9.5
Sugarcane,35.3,607.32,73.5
Maize,28.22,1988.37,9.4
Potato,32.11,515.2,24.89
Maize,17.46,2738.98,9.84
Sugarcane,15.85,952.23,76.19
Cotton,26.66,574.07,6.18
Wheat,29.14,1230.93,10.23
Maize,36.15,990.19,9.57
Wheat,34.64,496.13,6.58
Cotton,39.67,1941.52,6.99
Cotton,38.99,2244.23,5.18
Wheat,28.71,305.3,9.03
Cotton,25.1,1729.7,6.21
Sugarcane,32.82,1913.94,73.28
Cotton,17.84,2758.38,8.63
Wheat,20.57,1950.71,8.96
Sugarcane,33.01,1047.01,75.33
Wheat,38.5,1973.82,8.16
Wheat,36.86,992.16,9.74
Maize,12.19,648.96,7.45
Cotton,16.96,2153.6,6.03
Potato,18.2,1509.69,27.12
Rice,21.5,2679.67,10.69
Cotton,12.12,455.53,6.68
Rice,16.93,1498.6,8.49
Potato,31.48,927.39,26.73
Potato,17.33,1562.41,25.82
Rice,38.28,406.37,7.58
Cotton,22.69,401.14,5.26
Cotton,12.99,1640.37,7.52
Rice,35.28,1183,8.04
Rice,37.47,357.39,5.97
Potato,37.84,1821.74,25.27
Potato,24.82,1409.84,25.56
Potato,37.62,2742.46,28.52
Rice,31.28,2381.21,9.33
Cotton,15.87,2125.41,7.8
Cotton,26,1498.11,8.79
Wheat,22.99,1512.22,9.78
Rice,23.53,2650.13,8.37
Cotton,22.4,2129.04,7.68
Sugarcane,15.26,525.53,74.3
Wheat,21.7,1389.59,7.88
Wheat,25.36,1345.3,9.74
Potato,18.57,581.02,24.03
Maize,15.31,2413.92,11.67
Potato,15.95,1003.84,25.75
Wheat,15.79,1234.3,8.74
Maize,23.4,2749.28,9.93
Wheat,16.27,2005.15,11.06
Sugarcane,31.52,2314.65,75.59
Cotton,20.07,563.16,5.12
Potato,38.18,1650.03,26.55
Potato,11.88,2088.9,25.07
Potato,19.3,2333.13,23.59
Wheat,32.15,2512.04,9.41
Potato,30.54,524.69,25.39
Wheat,22.62,2148.19,7.94
Maize,36.11,545.38,11.27
Cotton,12.14,1310.37,8.6
Rice,25.27,1415.5,10.72
Sugarcane,16.01,1016.63,74.66
Rice,21.22,2458.28,10.63
Rice,30.97,1765.9,12.14
Sugarcane,12.97,651.31,70.34
Maize,11.31,1231.8,11.71
Cotton,22.62,497.05,7.18
Sugarcane,18.14,1536.45,75.64
Rice,31.62,1187.09,5.9
Maize,11.97,1104.57,11.44
Cotton,39,2407.99,9.89
Wheat,28.62,2424.21,10.27
Cotton,25.04,1998.45,5.59
Potato,22.38,2598.25,26.37
Potato,32.47,1936.76,25.74
Maize,20.69,1847.51,9.82
Cotton,33.31,534.2,5.39
Rice,31.32,326.1,8.13
Wheat,26.54,824.68,7.34
Potato,36.66,2266.95,25.95
Cotton,20.38,2622.99,8.81
Cotton,11.74,874.08,5.87
Rice,21.29,721.51,9.23
Potato,36.26,2388.95,23.07
Maize,12.32,1248.87,10.68
Wheat,32.89,2744.71,9.2
Wheat,34.76,2702.05,13.01
Wheat,22.84,1135.85,6.09
Sugarcane,15.84,1699.6,74.79
Sugarcane,20.67,1999.32,76.13
Wheat,21.95,1899.94,9.45
Sugarcane,37.97,2738.62,74.07
Cotton,18.54,1197.74,8.47
Potato,39.18,2114.77,23.91
Cotton,13.26,1752.47,7.77
Wheat,39.22,1601.5,8.02
Wheat,16.7,670.9,6.78
Potato,15.03,2184.04,27.77
Wheat,13.6,1293.91,8.09
Potato,19.49,623.18,24.66
Sugarcane,28.5,328.53,75.8
Potato,29.99,671.35,24.03
Wheat,21.1,2025.98,12.49
Rice,16.92,2171.89,7.52
Cotton,39.85,414.68,4.42
Cotton,18.12,686.92,8.81
Maize,21.35,2798.03,13.16
Potato,24.43,1334.66,23.97
Cotton,32.19,2537.52,7.35
Cotton,14.56,1317.01,9.35
Wheat,17.98,1622.61,10.27
Maize,39.91,2489.02,10.9
Rice,34.75,2774.65,11.81
Potato,23.32,477.49,20.32
Potato,13.26,1880.57,25.49
Rice,36,1471.16,10.4
Wheat,33.49,1648,11.02
Wheat,27.42,804.3,6.93
Rice,22.13,2535.88,11.05
Rice,38.07,1016.98,11.51
Wheat,18.87,648.38,6.92
Cotton,19.63,2072.14,9.99
Rice,36.27,2751.06,11.64
Maize,28.79,900.94,8.39
Rice,38.53,1472.43,9.49
Sugarcane,29.35,461.93,70.97
Maize,10.99,1133.69,12.12
Cotton,15.3,2314.46,8.59
Rice,18.45,2503.89,10.44
Wheat,36.02,885.9,7.89
Potato,34.93,1668.58,26.75
Maize,33.71,2262.07,13.91
Wheat,26.61,346.24,6.27
Potato,14.17,830.76,23.71
Sugarcane,13.94,393.35,74.79
Rice,13.78,617.06,9.05
Rice,35.64,744.16,11.73
Maize,14.25,373.96,7.12
Cotton,34.26,1394.7,6.46
Potato,35.34,1331.37,23.78
Wheat,13.15,1029.19,8.41
Wheat,37.06,1095.58,9.07
Wheat,36.93,1642.83,9.92
Sugarcane,29.15,2312.02,74.32
Cotton,25.39,2737.79,10.15
Cotton,29.42,2342.13,7.4
Wheat,22.14,1274.55,10.39
Wheat,27.66,2488.83,9.24
Potato,39.09,2360.46,25.37
Rice,13.4,2580.56,11.29
Maize,17.01,463.9,9.07
Cotton,25.72,1183.73,6.69
Cotton,17.76,416.33,7
Sugarcane,39.78,1103.61,74.41
Wheat,31.61,1001.5,9.07
Sugarcane,23.02,2576.08,75.65
Sugarcane,37.08,2662.3,77.17
Rice,14.33,2037.68,8.52
Rice,18.64,1006.99,7.12
Cotton,38.68,317.31,7.37
Potato,26.71,1976.39,22.61
Rice,37.62,1548.5,10.22
Sugarcane,39.53,818.37,75.44
Rice,20.81,739.4,9.39
Rice,27.29,1699.68,12.7
Potato,35.4,625.63,26.75
Potato,18.18,1672.65,24.92
Maize,23.4,2590.07,10.61
Potato,14.6,2278.68,26.17
Sugarcane,29.58,2653.57,77.35
Wheat,10.13,920.7,9.02
Wheat,23.48,2680.25,11.45
Sugarcane,37.87,1487.96,75.05
Cotton,36.92,1876.66,7.65
Cotton,34.11,1034.93,5.91
Wheat,14.23,2785.6,10.74
Maize,25.61,1394.41,11.23
Cotton,31.57,768.8,5.83
Maize,13.04,1734.85,8.89
Potato,14.41,938.95,23.92
Rice,11.2,1389.96,7.29
Maize,19.69,820.13,9.86
Rice,36.32,1266.91,9.14
Maize,25.22,531.31,7.6
Wheat,35.6,1011.99,7.56
Wheat,12.51,921.91,6.71
Potato,11.68,2669.33,24.8
Rice,34.12,1781.45,9.38
Sugarcane,24.93,366.37,73.07
Wheat,24.13,2584.2,10.93
Rice,24.27,1910.89,12.34
Sugarcane,21.43,1142.88,72.14
Cotton,36.59,1216.01,7.24
Cotton,25.63,378.55,7.74
Wheat,39.22,2735.81,11.15
Wheat,35.4,2451.21,7.6
Wheat,32.13,463.49,8.18
Wheat,29.09,2003.9,8.78
Wheat,35.06,1423.06,8.96
Potato,36.45,2320.75,30.11
Potato,14,1858.41,26.41
Cotton,20.79,1332.02,4.86
Rice,34.16,1391.03,11.79
Cotton,16.64,1928.93,7.98
Cotton,27.59,1936.78,10.49
Sugarcane,33.41,1694.08,73.61
Wheat,16.72,2510.4,8.97
Potato,22.06,2248.32,25.56
Cotton,37.45,596.6,6.61
Potato,20.68,2479.7,25.43
Cotton,28.14,804.47,9.53
Potato,23.02,2676.02,27.78
Cotton,36.31,2318.29,8.3
Cotton,22.72,2572.81,9.66
Cotton,20.78,1991.4,9.23
Cotton,15.2,1928.89,9.06
Sugarcane,20.48,922.77,75.77
Maize,30.09,1865.28,9.76
Rice,15.27,1350.62,7.88
Cotton,31.16,683.48,5.02
Sugarcane,10.32,1200.25,75.72
Potato,21.01,1955.36,22.01
Cotton,23.98,2489.22,10.29
Potato,12.88,1395.15,26.8
Wheat,30.52,1024.93,7.86
Maize,13.08,702.53,10
Wheat,12.7,1307.52,9
Potato,21.04,1011.34,25.94
Potato,32.15,1417.98,25.85
Maize,38.91,551.86,10.52
Maize,33.28,2138.7,12.54
Wheat,23.98,311.06,9.46
Cotton,18.18,2048.95,6.69
Maize,19.04,1066.58,9.61
Sugarcane,18.51,1198.11,72.37
Maize,18.35,727.91,7.7
Wheat,12.07,2720.45,5.96
Sugarcane,16.61,432.41,73.07
Rice,13.24,1007.64,9.95
Maize,10.22,667.29,9.4
Cotton,18.57,1505.67,6.95
Maize,20.57,1700,9.1
Sugarcane,37.82,790.8,74.5
Potato,39.84,1938.26,24.55
Sugarcane,27.38,1681.65,75.02
Cotton,37.03,2405.32,8.44
Rice,28.55,2566.36,12.2
Cotton,24.93,2036.29,6.04
Maize,11.28,1875.68,9.9
Sugarcane,11.34,1813.48,76.5
Rice,10.92,717.8,8.97
Wheat,14.5,2508.1,11.12
Sugarcane,12.31,1200.54,77.06
Sugarcane,15.84,2028.52,74.62
Wheat,25.58,1401.64,8.88
Wheat,25.1,2557.26,11.13
Cotton,20.33,1318.86,7.98
Maize,29.98,1699.97,9.53
Wheat,21.76,768.68,9.55
Cotton,16.61,1685.1,6.86
Rice,30.76,806.45,10.39
Potato,39.41,2286.28,23.96
Rice,34.32,1218.29,9.23
Rice,22.42,1360.84,8.64
Sugarcane,21.27,1900.79,75.5
Cotton,11.16,514.89,5.78
Maize,29.71,1086.97,11.63
Wheat,16.68,2633.34,7.08
Wheat,30.51,2455.3,10.29
Sugarcane,32.81,878.03,73.51
Cotton,36.39,1582.09,8.96
Rice,26.45,1758.3,8.23
Potato,34.9,1054.11,24.73
Wheat,31.7,1169.1,11.68
Rice,20.59,2744.89,12.74
Rice,13.19,646.33,6
Cotton,17.27,2578.36,10.68
Cotton,35.34,1185.61,7.42
Sugarcane,26.03,897.66,73.83
Potato,29.97,951.34,23.1
Maize,34.18,1008.24,9.9
Sugarcane,30.01,1017.25,75.53
Wheat,35.68,935.1,8.56
Wheat,12.59,2406.21,10.66
Sugarcane,37.11,969.48,73.19
Cotton,34.38,2454.6,9.61
Wheat,37.09,2723.17,9.75
Cotton,31.93,997.07,7.89
Sugarcane,18.23,1712.74,74.26
Sugarcane,13.42,1440.37,72.65
Wheat,13.89,2416.74,8.3
Rice,24.97,1070.7,9.73
Potato,21.73,2211.93,25.69
Maize,29.63,1489.1,10.74
Cotton,25.1,1877.27,5.21
Maize,13.76,1741.62,9.94
Maize,10.07,455.99,8.37
Sugarcane,13.85,1771.46,76.21
Sugarcane,14.4,2368.69,75.53
Sugarcane,31.6,1021.1,71.66
Cotton,18.56,1306.84,7.05
Maize,12.81,812.78,10.05
Maize,32.66,824.12,10.66
Potato,38.21,1067.71,26.74
Sugarcane,13.01,2184.27,74.63
Rice,38.89,1503.2,13.19
Sugarcane,38.51,2028,75.68
Sugarcane,25.69,2639.06,72.56
Wheat,18.87,2125.91,8.81
Sugarcane,14.14,1232.9,75.97
Cotton,34.72,1576.73,6.02
Maize,28.14,996.48,9.68
Sugarcane,29.54,464.37,72.62
Rice,35.83,1965.04,13.14
Maize,23.32,1954.61,10.49
Maize,21.04,2440.6,9.17
Rice,32.87,699.31,7.54
Wheat,18.92,2510.69,9.53
Potato,19.84,2285.89,25.29
Rice,21.43,568.16,8.43
Cotton,35.69,2756,7.35
Rice,33.37,397.63,6.05
Potato,18.74,2287.05,25.34
Wheat,14.31,1371.36,9.28
Sugarcane,21.78,2463.43,74.09
Sugarcane,28.74,2120.83,75.28
Maize,30.29,451.66,10.98
Sugarcane,16.01,899.99,75.58
Sugarcane,17.48,2681.05,77.3
Rice,37.9,667.99,5.57
Maize,21.55,471.22,7.36
Maize,19.42,685.65,10.72
Rice,30.87,2100.71,12.22
Cotton,24.04,399.07,6.97
Cotton,17.4,1382.04,7.77
Cotton,22.28,528.44,5.33
Potato,14.33,2017.88,26.45
Rice,18.39,932.44,8.52
Sugarcane,22.55,2011.65,76.31
Wheat,25.54,738.17,8.66
Cotton,32.25,1290.59,8.77
Sugarcane,21.55,2613.64,79.99
Cotton,26.37,1260,7.62
Wheat,38.53,585.04,10.14
Sugarcane,34.55,1224.89,76.32
Cotton,17.11,1436.53,4.89
Rice,16.4,1446.18,8.2
Potato,29.88,2073.08,26.11
Cotton,27.86,611.73,8.26
Maize,26.41,1453.91,12.24
Rice,14.63,934.88,9.94
Rice,20.88,1411.27,9.66
Wheat,32.78,732.62,9.65
Sugarcane,31.71,888.66,73.21
Wheat,14.96,1682.11,10.34
Rice,22.81,1053.2,8.27
Wheat,23.28,699.02,6.88
Sugarcane,25.26,1849.07,76.01
Rice,23.83,2391.17,10.12
Cotton,25.05,2353.5,9.09
Potato,34.39,2385.26,24.75
Potato,21.68,343.08,23.88
Wheat,26.56,2015.25,8.16
Rice,28.2,2796.97,10.46
Potato,38.27,2116.17,24.79
Rice,29.64,964.57,6.48
Cotton,13.92,1710.01,8.48
Maize,27.47,1495.14,11.22
Wheat,29.86,1447.55,9.72
Sugarcane,10.29,2106.62,72.33
Cotton,12.26,617.16,3.38
Cotton,10.57,598.4,5.93
Maize,11.45,1566.17,8.74
Potato,12.69,2734.87,24.97
Cotton,38.73,453.84,3.72
Wheat,16.2,1226.35,9.72
Sugarcane,16.14,1572.1,74.06
Cotton,35.72,303.14,6.25
Potato,32.58,1036.69,25.57
Potato,30.27,577.1,22.79
Rice,22.65,2063.86,8.21
Rice,10.94,1397.58,8.85
Cotton,34.8,1856.62,6.26
Potato,35.82,1806.05,23.29
Sugarcane,24.45,1194.4,71.87
Maize,29.35,388.57,8.66
Maize,24.33,969.28,6.02
Rice,18.88,1502.89,11.35
Wheat,26.21,806.71,7.94
Sugarcane,30.66,2644.21,75.66
Cotton,14.64,1334.04,9.46
Potato,25.92,1180.49,23.03
Maize,33.28,568.88,8.06
Rice,24.27,990.36,7.73
Wheat,14.71,1746.31,8.01
Maize,36.09,2349.07,12.66
Wheat,30.22,2233.57,8.17
Sugarcane,28.98,2012.74,75.32
Potato,29.55,2631.2,26.59
Wheat,17.35,907.56,8.66
Potato,24.77,886.87,23.7
Wheat,19.78,416.62,8.3
Rice,35.01,2059.15,9.83
Wheat,27.66,2302.79,9.37
Potato,31.52,949.18,24.44
Potato,29.81,2276.74,25.93
Sugarcane,24.51,2072.44,74.51
Rice,34.15,1652.46,9.46
Wheat,28.46,1683.68,10.45
Rice,16.8,2062.74,9.14
Potato,18.72,2795.39,27.57
Wheat,34.81,1097.75,6.71
Cotton,38.24,481.72,3.84
Maize,26.44,2048.87,9.7
Rice,21.57,372.12,7.19
Maize,28.75,2537.12,11.94
Cotton,24.51,2731.76,10.09
Rice,35.25,2116.11,8.18
Maize,34.99,1157.63,10.61
Sugarcane,23.68,864.3,75.05
Maize,34.14,575.58,8.25
Potato,15.79,314.87,25.17
Cotton,21.22,1376.1,9.33
Cotton,12.39,1917.78,5.92
Sugarcane,34.23,1240.9,73.27
Rice,39.26,1395.49,8.68
Maize,27.3,2013.07,10.96
Cotton,32.99,1322.58,6.4
Cotton,22.05,2233.54,9.95
Potato,26.85,1905.86,23.69
Cotton,20.42,1978.5,6.7
Rice,30.91,1848.28,10.55
Maize,17.39,599.29,8.05
Potato,14.6,2010.2,25.48
Wheat,36.96,1780.58,9.39
Potato,35.93,1735.66,23.75
Rice,35.05,1795.95,7.65
Potato,34.65,2767.69,27.87
Wheat,31.89,1390.15,6.08
Cotton,36.24,565.17,5.4
Maize,16.31,1582.18,11.72
Potato,36.11,674.86,22.59
Sugarcane,37.53,2315.89,75.32
Potato,31.48,924.06,23.63
Maize,27.98,2789.16,13.8
Sugarcane,17.08,743.99,72.7
Maize,35.98,1245.07,11.79
Maize,27.3,665.4,13.35
Wheat,28.32,1348.08,7.36
Sugarcane,28.2,1510.14,75.27
Sugarcane,36,2158.4,76.05
Sugarcane,14.11,303.48,74.75
Maize,11.85,877.01,8.69
Wheat,16.72,974.81,9.65
Potato,24.75,1801.52,24.83
Wheat,24.08,992.99,8.23
Maize,25.36,1517.1,9.98
Rice,13.43,1519.44,11.07
Cotton,33.79,2326.12,7.9
Maize,19.06,2489.74,10.51
Rice,37.4,2742.58,10.26
Sugarcane,35.2,2401.99,78.33
Maize,11.9,2494.9,11.67
Cotton,11.61,2727.44,11.13
Wheat,28.87,2368.57,6.47
Cotton,12.32,811.59,8.88
Cotton,27.16,2280.91,8.6
Wheat,12.37,2073.85,8.62
Maize,24.38,1689.65,8.07
Cotton,22.57,736.24,4.62
Cotton,27.73,420.04,10.18
Potato,20.69,842.87,26.05
Wheat,14.2,2492.36,11
Maize,35.26,974.06,10.03
Maize,18.98,1417.45,10.68
Sugarcane,12.02,2793.94,76.04
Wheat,25.02,1573.73,7.72
Rice,36.33,2218.75,11.29
Maize,18.42,2287.59,12.7
Rice,23.52,2498.17,12.01
Sugarcane,22.08,1132.12,73.93
Cotton,11.45,681.32,7.13
Cotton,36.05,2521.55,11.6
Maize,32.77,1823.92,10.2
Wheat,12.87,1789.57,11.27
Sugarcane,13.96,1724.5,73.87
Sugarcane,10.32,387.63,72.22
Rice,39.57,921.88,9.46
Rice,22.49,1981.15,11.05
Sugarcane,37.91,382.48,72.59
Potato,22.6,1816.87,25.38
Sugarcane,13.11,425.58,77.38
Cotton,20.3,321.19,4.68
Sugarcane,22.55,2529.29,72.83
Cotton,15.3,2577.37,11.62
Rice,11.61,1025.17,6.88
Sugarcane,19.5,2462.31,74.97
Maize,26.18,487.3,6.46
Wheat,17.66,1328.97,9.64
Cotton,38.76,1491.11,10.44
Sugarcane,24.44,1321.37,76.57
Wheat,13.91,1170.94,8.11
Rice,22.4,1828.3,8.18
Maize,31.23,1990.7,11.17
Sugarcane,24.61,2696.18,74.89
Sugarcane,19.94,616.64,72.39
Potato,13.19,2550.98,28.09
Rice,23.79,2293.44,11.22
Rice,12.92,1006.84,10.39
Potato,21.13,800.64,21.83
Potato,13.49,591.25,21.88
Cotton,30.28,1359.31,7.91
Sugarcane,33.18,1675.34,72.71
Sugarcane,17.3,1724.43,72.42
Potato,12.24,1341.88,23.63
Potato,20.41,2013.38,25.2
Maize,26.82,2069.62,9.96
Cotton,33.04,1587.57,9.17
Maize,22.09,1679.24,10.27
Cotton,20.98,787.24,6
Sugarcane,37.25,1684.86,75.79
Cotton,23.49,488.2,10.29
Sugarcane,23.42,1726.69,76.41
Potato,22.3,1907.2,25.21
Wheat,20.9,2754.47,10.09
Wheat,31.85,1362.43,8.26
Cotton,18.45,1539.3,7.14
Rice,21.36,1430.4,9.37
Wheat,18.47,949.46,9.15
Potato,27.11,535.87,24.82
Sugarcane,38.81,1901.49,76.87
Cotton,21.71,480.26,6.16
Sugarcane,39.05,1375.16,74.79
Wheat,29.7,327.54,9.2
Wheat,33.86,2651.3,9.48
Sugarcane,19.99,2043.61,75.78
Rice,16.73,857.84,7.73
Cotton,27.3,990.39,8.14
Maize,39.72,1105.61,8.79
Maize,31.31,1597.7,9.96
Sugarcane,30.45,1879.46,74.09
Wheat,23.5,491.47,6.33
Maize,36.38,1950.87,9.38
Sugarcane,30.91,486.09,75.59
Cotton,30.25,2584.73,9.86
Cotton,18.78,1543.3,6.17
Potato,38.73,2634.19,27.1
Cotton,17.51,1906.07,8.01
Potato,25.71,1302.99,24.6
Potato,20.19,2257.07,24.65
Rice,15.42,470.2,11.78
Cotton,14.32,1767.57,9.07
Wheat,18.79,944.18,9.71
Cotton,30.67,2406.82,9.14
Rice,39.24,2526.57,6.91
Sugarcane,35.6,1763.67,75.39
Maize,16.54,952.19,8.57
Rice,12.35,1272.43,12.18
Sugarcane,30.6,1851.22,73.77
Potato,10.9,1363.12,24.31
Maize,35.77,2242.74,7.82
Cotton,34.77,1222.34,7.68
Sugarcane,33.81,1563.69,75.42
Maize,26.57,772.56,7.16
Cotton,39.21,2044.49,6.76
Wheat,23.75,2463.06,7.12
Wheat,39.6,1216.56,11
Maize,36.46,2686.79,13.18
Wheat,13.8,395.98,6.4
Wheat,36.85,850.86,5.91
Cotton,19.15,1331.14,6.44
Cotton,33.05,1361.13,5.8
Sugarcane,10.01,2283.5,75.69
Wheat,18.28,2517.96,11.38
Maize,32.75,1057.69,8.97
Wheat,39.17,1896.89,7.04
Rice,15.13,1679.07,7.87
Sugarcane,23.78,743.77,74.62
Rice,27.62,1115.09,7.73
Cotton,38.58,349.44,9.8
Cotton,23.6,1059.51,5.66
Wheat,38.01,563.69,7.7
Potato,39.35,2545.95,26.4
Maize,38.25,2547.28,11.27
Potato,32.46,2000.5,22.71
Wheat,13.79,2782.06,9.25
Rice,28.07,1749.71,8.73
Cotton,32.61,801.21,6.9
Rice,38.65,2511.69,11.02
Maize,33.34,820.99,10.27
Wheat,26.17,967.44,8.29
Rice,16.15,1946.82,11.52
Wheat,23.71,624,8.42
Rice,29.15,1824.53,8.89
Sugarcane,19.74,1057.03,72.67
Sugarcane,23.69,1865.16,77.29
Sugarcane,10.52,2295.38,74.28
Potato,36.37,1285.72,24.62
Wheat,11.04,1127.56,9.34
Rice,22.28,1126.85,8.49
Maize,25.33,1194.24,9.89
Cotton,39.17,2258.94,10.71
Potato,38.05,1376.4,26.09
Cotton,29.39,2083.95,9.2
Maize,27.52,2149.51,12.76
Cotton,21,1632.19,5.72
Sugarcane,11.23,1438.28,74.15
Rice,18.03,1246.05,11.96
Wheat,35.43,1937.7,6.7
Cotton,29.45,1586.18,5.25
Maize,34.43,1029.29,8.03
Wheat,35.11,1632.24,11.11
Rice,11.87,1945.06,10.09
Wheat,20.11,1661.38,10.42
Wheat,30.28,337.55,6.1
Rice,35.59,2782.94,6.91
Potato,34.04,2192.46,24.74
Sugarcane,22.66,908.72,75.97
Rice,37.96,2201.63,9.84
Wheat,19.02,2219.33,6.86
Maize,21.27,1802.07,8.18
Rice,15.44,1861.52,10.78
Rice,16.81,703.13,9.67
Sugarcane,10.26,1230.27,71.95
Cotton,19.25,1770.23,4.79
Maize,19.2,494.12,10.2
Maize,12.02,2745.19,13.13
Potato,20.21,554.58,23.92
Cotton,19.04,1308.88,8.47
Potato,33.97,2583.84,27.83
Wheat,14.69,338.09,7.65
Maize,31.75,2008.11,9.42
Cotton,13.9,1270.95,4.9
Potato,24.89,2093.1,26.31
Wheat,32.09,1959.76,8.55
Sugarcane,28.19,1792.41,74.46
Rice,29.38,2463.3,9.65
Maize,16.19,312.54,10.24
Cotton,34.82,665.18,7.47
Wheat,38.56,2266.92,9.62
Cotton,14.63,1887.51,8.85
Rice,36.65,2614.32,10.68
Potato,21.93,1397.46,24.53
Rice,30.97,1674.29,9.13
Rice,25.2,1860.61,9.12
Wheat,33.8,740.47,11.7
Cotton,11.36,658.73,4.5
Cotton,19.71,934.3,7.85
Sugarcane,11.42,1264.66,76.39
Potato,38.25,1519.28,24.4
Maize,15.1,1461.07,9.9
Potato,22.74,2280.01,24.4
Wheat,29.24,634.51,9.84
Sugarcane,23.85,1221.89,77.25
Rice,26.1,2664.97,8.45
Wheat,16.12,2229.86,9.2
Cotton,12.01,1369.97,5.64
Cotton,17.72,1753.06,10.65
Cotton,19.51,1475.55,7.34
Maize,22.47,1259.69,9.93
Sugarcane,18.88,631.97,70.64
Maize,11.07,718.23,8.91
Rice,12.84,1020.5,8.1
Maize,30.21,1213,9.19
Potato,11.89,929.16,24.25
Potato,11.39,1743.35,27.17
Maize,34.35,1795.31,9.42
Wheat,11.24,414.59,5.98
Sugarcane,12.06,1924.14,77.61
Sugarcane,26.49,1468.92,74.39
Maize,23.29,1667.57,8.91
Potato,38.93,2533.2,26.81
Cotton,38.11,758.34,7.8
Potato,29.81,1311.12,26.23
Potato,12.16,1512.89,26.99
Rice,25.1,1777.08,10.49
Potato,11.35,1994.22,25.88
Cotton,37.24,623.19,3.39
Cotton,29.8,2172.45,8.32
Maize,27.22,852.6,8.64
Sugarcane,22.84,2677.97,72.92
Wheat,25.29,564.19,5.65
Potato,22.01,2766.79,25.04
Cotton,12.99,2619.96,7.8
Maize,29.83,2523,9.65
Maize,39.89,375.8,7.72
Wheat,13.37,803.65,6.23
Potato,39.83,1719.51,23.38
Wheat,36.99,2103.15,7.29
Sugarcane,36.83,2136.9,75.88
Cotton,34.94,415.35,6.14
Sugarcane,37.71,2021.82,77.47
Sugarcane,17.39,1540.88,76.21
Rice,23.11,1083.98,9.56
Maize,24.39,2023.76,8.07
Wheat,12.04,926.79,7.97
Maize,39.43,1912.56,10.97
Maize,30.68,1830.4,9.45
Sugarcane,23.55,1777.81,77.47
Maize,39.77,1632.19,13.41
Potato,18.17,981.39,25.33
Maize,20.11,802.63,9.08
Wheat,15.73,1257.91,6.09
Maize,15.6,2727.1,11.22
Cotton,15.65,2268.83,7.93
Rice,28.33,1260.91,9.12
Rice,18.82,2009.2,11.28
Cotton,38.55,1001.95,7.74
Rice,34.5,836.72,8.49
Maize,14.84,1758.74,8.35
Wheat,35.02,940.4,6.57
Sugarcane,20.37,1666.22,76.38
Maize,16.83,500.62,8.18
Sugarcane,33.46,2387.35,76.82
Maize,35.71,1254.89,10.26
Maize,38.81,338.81,10.37
Potato,22.61,2695.67,23.87
Maize,26.86,1663.32,11.18
Wheat,28.45,2589.69,9.04
Wheat,28.83,769.79,9.25
Wheat,22.06,1050.61,10.18
Potato,14.57,1257.94,25.73
Maize,12.11,788.44,8.75
Maize,37.18,1434.96,11.88
Cotton,21,1003.59,7.9
Cotton,15.42,613.56,5.02
Sugarcane,39.51,503.71,76.97
Wheat,34.09,945.07,6.82
Potato,39.44,2753.07,26.08
Rice,18.36,940.67,8.06
Sugarcane,23.9,2438.64,74.58
Potato,34.26,1447.72,24.53
Sugarcane,26.56,930.89,75.5
Rice,20.65,2357.1,10.54
Rice,14.75,2187.26,8.24
Wheat,26.85,1843.58,9.42
Maize,27.95,1016.26,8.55
Sugarcane,31.62,2205.48,76.61
Potato,33.72,348.51,20.9
Rice,13.54,999.6,8.72
Wheat,28.84,2454.46,10.65
Sugarcane,33.44,884.96,75.12
Potato,21.67,1874.07,22.98
Maize,18.27,1498.18,8.74
Potato,24.39,1372.56,25.37
Potato,19.3,2015.51,24.29
Sugarcane,25.3,395.36,72.43
Rice,19.25,1544.7,8.55
Rice,22.68,1400.1,12.05
Cotton,37.45,2176.99,9.61
Wheat,37.5,1365.96,9.29
Potato,39.77,2561.89,27.84
Potato,24.58,2781.6,25.52
Wheat,15.04,2489.49,8.76
Maize,36.67,2290.36,15.56
Sugarcane,27.91,2092.51,77.4
Maize,32.43,1702.06,10.25
Rice,14.88,2267.15,8.74
Sugarcane,19.59,1807.21,75.69
Cotton,18.26,2704.76,4.5
Cotton,26.79,2523.67,9.19
Potato,39.92,1741.08,27.44
Sugarcane,28.37,1362.36,75.51
Wheat,27.19,792.36,8.39
Maize,32.77,911.86,10.61
Potato,19.86,846.99,23.26
Cotton,17.6,2529.03,8.08
Cotton,35.14,2592.02,7.9
Sugarcane,38.82,1100.34,73.67